screen_name,followers_count,friends_count,statuses_count,created_at,lang
theMattachines,2613,3993,41274,2015-06-26 10:15:20.000000,en
miguelrisigil,10,95,534,2009-12-23 20:20:25.000000,en
Nosidamsirron,4,8,78,2012-06-01 20:10:17.000000,en
MikhaylovSergei,7,36,179,2017-06-16 20:57:32.000000,ru
StayLLovely,879,1982,13235,2011-07-08 15:33:23.000000,nl
AndrewAlmendras,73,57,288,2009-07-09 20:31:33.000000,en
marHortaliZa,205,758,1994,2011-01-08 20:37:38.000000,es
FredCabell,39,88,293,2011-10-22 15:40:33.000000,en
korikori1984,28,12,121,2012-10-21 02:18:11.000000,ja
Elizabeth_Telit,2,20,189,2016-06-18 09:35:10.000000,ru
btuzcu26,267,1337,888,2013-08-08 11:49:17.000000,tr
crey2010,5,5,60,2011-11-06 22:24:51.000000,en
breitsprecker3,9,15,55,2015-09-01 02:01:56.000000,en
marceloocg,174,302,548,2010-10-24 19:38:15.000000,es
satriawsm,0,1,122,2014-08-20 12:23:01.000000,en
bradzieski,73,226,202,2009-06-22 22:13:46.000000,en
RDbestdiet,2,7,70,2009-07-15 13:46:24.000000,en
soomroshuaib,78,189,204,2011-06-01 10:21:51.000000,en
JalesaJones15,50,390,460,2014-04-28 21:19:48.000000,en
Perry_Perreault,62,100,105,2011-09-06 04:35:39.000000,en
AwengShah,494,905,5796,2009-02-11 19:16:03.000000,en
sbscott4,49,77,107,2009-09-08 04:27:23.000000,en
calikiwi87,78,480,628,2009-05-05 17:38:57.000000,en
Ranjith2101,23,149,195,2010-06-24 09:49:07.000000,en
pbo26,51,636,249,2009-07-02 02:04:35.000000,en
tinkylove3,22,80,235,2013-11-30 14:36:57.000000,en
Kyroly18,1,19,128,2016-01-10 21:17:54.000000,en
mrsjchesley,18,87,77,2013-01-21 19:55:02.000000,en
kittnjoe,6,110,61,2013-10-02 00:11:52.000000,en
prestoluh,171,427,3825,2009-12-25 16:41:14.000000,en
CeleryForDays,71,71,276,2011-01-09 20:05:12.000000,en
780_917,1035,1571,693,2015-04-14 06:53:39.000000,en
abbyilovu,0,3,127,2010-01-07 16:20:40.000000,en
mmdelise,16,99,63,2014-08-15 12:08:40.000000,en
Courtne31121255,2,40,80,2016-09-27 01:16:58.000000,en
DjMio83,7,14,143,2010-10-01 15:19:47.000000,de
megapavel210781,0,2,181,2012-07-29 19:03:24.000000,ru
dwrenn,218,698,560,2008-10-03 04:15:53.000000,en
mac_garry,36,41,2072,2010-03-21 01:02:27.000000,en
marinagazette,47,49,173,2009-05-01 20:55:25.000000,en
ChaniM1985,84,317,475,2010-02-04 07:07:24.000000,en
C00ND4CK,6,26,135,2011-10-07 08:32:18.000000,tr
MaKaleaBjoin,7,195,90,2011-12-19 03:06:05.000000,en
tweetingsanjay,91,131,1127,2012-07-30 05:03:11.000000,en
Monolit1958,3,205,202,2013-09-23 18:18:45.000000,ru
LeonWinterBiz,1211,1430,1313,2011-04-24 17:58:28.000000,en
reisana3,2,15,152,2010-10-11 20:12:40.000000,en
Robocraigy,25,14,160,2013-09-08 06:50:13.000000,en
GanapathyDyna,4,1,161,2017-06-29 10:53:35.000000,en
fimanata,3,9,186,2012-07-04 20:23:32.000000,ru
mpicchetti,9,8,132,2007-04-12 02:03:45.000000,en
R63220315,1,20,128,2016-06-20 21:30:54.000000,ru
JB2188,10,82,125,2009-06-17 05:32:44.000000,en
DrZombae,75,165,379,2013-07-24 06:17:14.000000,en
MitchTristan,0,3,60,2012-10-01 15:42:55.000000,en
beccakelly,9,38,145,2008-09-22 19:51:57.000000,en
mau90soares,12,708,100,2016-03-23 00:43:49.000000,pt
kelrenee,49,126,98,2008-03-26 21:11:33.000000,en
DmitrijYakovlev,1,3,1796,2012-04-17 20:13:24.000000,ru
AnnieNg00,29,96,2212,2012-05-31 14:59:03.000000,en
TheJuanAndOnly7,334,240,8215,2011-07-01 23:20:23.000000,en
efb6cA22NOS0TKA,51,0,135,2017-06-15 11:11:03.000000,ru
Im__Ba,430,422,295,2011-07-20 19:08:56.000000,en
chloe_sara1,26,106,327,2014-08-06 21:01:20.000000,en
ZhanzharovaJuly,1,6,179,2011-04-28 13:48:24.000000,ru
MarreroWill,46,96,133,2009-04-11 13:13:00.000000,en
SentencedToWin,659,1726,21989,2012-09-19 01:00:40.000000,fr
gerri3511,7,22,108,2009-07-07 13:37:15.000000,en
fixitchris,26,18,127,2009-03-02 02:41:05.000000,en
gise18,20,103,177,2009-05-19 05:07:24.000000,en
Vibelizeii,2273,2608,5766,2011-06-24 22:58:35.000000,pt
DeeptiJodhawat,51,75,139,2012-04-12 16:43:03.000000,en
weyheysel,11215,8486,2854,2011-03-01 10:36:35.000000,en
23masshole,189,1030,849,2012-02-23 11:50:57.000000,en
peteyc,10,94,158,2012-10-31 13:37:25.000000,en
B_Fails,227,198,2334,2009-10-23 00:11:23.000000,en
mdvg28,13,121,124,2010-06-26 01:08:41.000000,es
MelvinRamirezHN,21,45,87,2012-11-05 18:39:02.000000,es
LorriVillarreal,34,162,248,2016-03-08 20:15:23.000000,en
Saluto4ka_Puppy,120,221,198,2016-09-30 09:14:05.000000,ru
tdrizzle53,24,79,144,2013-07-09 13:58:57.000000,en
CCME10,17,80,268,2013-07-08 16:07:37.000000,en
ZarubinDaniil,11,12,197,2011-05-15 16:19:54.000000,ru
kain_anna,285,284,1082,2011-08-24 03:57:54.000000,en
bbchristianne,236,196,9945,2009-06-18 13:38:16.000000,en
abiharlove,12,70,103,2011-10-01 23:26:46.000000,en
hesseyMHS007,42,135,10611,2009-05-08 01:52:12.000000,en
TPeterson21,32,89,102,2011-08-18 02:59:25.000000,en
dudacastro1997,4,453,117,2009-09-15 21:34:27.000000,pt
triplelindi4,18,18,134,2012-01-05 10:21:51.000000,en
SamWinks,160,422,3387,2011-04-12 01:08:58.000000,en
eberheardt17,5,9,54,2016-10-06 20:51:44.000000,en
YardleyIan,14,25,244,2011-10-15 23:10:20.000000,en
asvspb1,2,31,138,2014-10-07 17:54:42.000000,ru
maryanneonyx,19,66,198,2013-06-07 00:39:08.000000,en
jbutlersibul,2,986,29,2011-08-13 11:57:02.000000,en
SFetner1969,3,413,6,2016-09-06 14:07:43.000000,en
kyteille,2,178,5,2010-09-15 08:43:38.000000,en
dnogrl,0,171,6,2014-11-27 08:27:43.000000,en
Switacz,3,582,29,2011-01-03 12:27:23.000000,en
Daniscattergood,4,253,9,2011-07-13 17:22:29.000000,en
Leodark_74,0,56,3,2011-03-25 23:23:12.000000,en
YuliaAnthonio,3,102,10,2014-01-22 15:10:11.000000,en
RiverMZaye,4,904,37,2012-03-20 02:04:12.000000,en
lystiami,83,270,521,2013-10-11 10:48:02.000000,en
boschable,0,85,5,2011-01-26 10:33:12.000000,de
ClaudiaRomeo9,1,123,4,2014-01-26 21:09:56.000000,it
LOGAN1131,0,891,33,2011-05-30 22:41:19.000000,en
juliavinta1,2,272,9,2015-05-13 13:28:43.000000,en
jlarvig,4,170,378,2011-08-17 03:19:51.000000,en
bigbiird08,0,179,6,2012-12-18 05:07:30.000000,en
bryanbudrow14,5,1230,29,2014-05-02 04:07:37.000000,en
wendigu,7,2091,63,2010-03-03 01:00:10.000000,en
Kitsamas,2,1422,46,2013-09-12 02:33:42.000000,en
JuliLopez5,0,53,3,2011-05-24 19:34:37.000000,en
zxcy798,1,116,6,2014-05-23 13:23:48.000000,zh-tw
candigal123,0,89,8,2011-04-23 00:48:43.000000,en
shaha1998,6,89,8,2012-01-14 11:52:27.000000,en
kouta0,3,104,6,2009-05-25 04:22:09.000000,en
NickoRoc,6,397,18,2012-05-05 03:13:25.000000,en
fakruladli,2,1111,28,2011-02-07 14:42:25.000000,en
katedaindonesia,46,375,18,2010-04-22 12:07:32.000000,id
la_piruleta,7,587,23,2012-01-20 20:51:40.000000,es
Alohaa_Kalai,5,1690,28,2014-02-25 06:52:00.000000,en
serdzjoelwiz,5,1944,54,2016-08-02 18:38:15.000000,pl
retna_myname,1,109,6,2014-01-04 06:56:32.000000,en
_JosimarBezerra,8,880,32,2011-05-18 22:28:57.000000,pt
saralynn86,2,891,28,2011-12-02 22:43:27.000000,en
lindsey7809,1,335,27,2012-01-27 20:41:42.000000,en
krissydoll_93,6,1869,120,2009-06-27 02:45:47.000000,en
Rbear63,3,1008,61,2014-05-28 00:47:03.000000,en
costaoro,5,1531,69,2009-09-09 12:46:39.000000,en
beezka,0,114,8,2011-04-20 22:53:24.000000,en
ferdinandsulaim,2,87,4,2012-07-21 09:26:13.000000,en
elh_shiqo_RD,2,118,9,2010-02-27 21:15:49.000000,es
jhova1991,3,1150,66,2012-02-22 14:01:42.000000,es
dcd45yahoocom,16,1882,17,2010-01-17 19:18:00.000000,en
KarolinaCiucias,1,139,5,2012-03-11 13:15:03.000000,pl
tamageta0101,2,1390,67,2011-03-22 11:25:49.000000,ja
anitralalala,5,1396,82,2011-12-13 21:39:50.000000,es
SamiSususami1,4,126,7,2014-08-23 09:59:42.000000,en
mti1003,0,163,14,2011-03-15 05:34:47.000000,ko
sigithonggowijo,0,171,7,2013-12-01 14:26:26.000000,en
hkd190297,1,267,18,2013-01-28 03:40:26.000000,es
josephgiff85,2,1064,60,2011-11-10 02:13:25.000000,en
smilybubble,5,315,6,2009-05-24 14:24:49.000000,en
besi_besnik,9,1125,45,2012-01-13 08:30:18.000000,en
JonathanGiannon,0,143,6,2011-10-02 21:37:19.000000,en
Hrcy007,1,160,3,2010-10-15 08:35:03.000000,en
Ally12341,1,162,10,2011-06-21 21:46:41.000000,en
yourfingcrazy,0,235,13,2014-09-21 05:42:47.000000,en
sand0619882011,5,56,3,2011-01-31 16:47:27.000000,en
jardinagirl1,1,400,13,2011-01-19 19:21:44.000000,en
FiorellaLuciano,5,1402,70,2012-04-20 15:12:50.000000,it
TaylerLikeWoahh,3,1009,76,2011-06-12 01:23:28.000000,en
remy252,7,1428,27,2011-01-10 21:46:06.000000,en
MitchellePity,3,326,4,2012-11-14 15:49:58.000000,en
Wayfairs,22,621,46,2009-06-10 00:51:39.000000,en
naymin14,11,1795,28,2011-12-26 04:31:38.000000,en
lukafekonja1,16,2298,85,2013-06-22 18:43:03.000000,en-gb
Malenajenta,5,347,13,2011-07-03 12:30:39.000000,en
princessmanni23,57,658,15,2010-07-14 04:39:15.000000,en
ricardonotein,13,2070,15,2013-03-08 04:11:18.000000,es
nate_duke,3,406,17,2012-07-03 22:44:46.000000,en
VinceST31,5,1301,79,2012-08-26 01:02:17.000000,fr
Siibocahhanehh,17,2193,71,2009-09-07 04:18:32.000000,en
kisp70,0,165,10,2011-08-24 14:18:46.000000,ko
tompcherry,8,830,32,2011-12-13 03:14:59.000000,en
jonnthompson,4,1735,66,2012-01-08 23:51:42.000000,en
t_lostpoet5,0,127,11,2014-03-08 18:58:05.000000,en
bhenner26,0,103,8,2010-01-25 10:33:58.000000,en
BenjaminKreher,1,374,8,2011-12-28 00:26:59.000000,de
nafas4,2,873,25,2011-10-15 08:10:30.000000,en
T69878851,0,154,5,2013-04-17 22:31:44.000000,en
JacobTrolltonso,0,150,7,2012-06-16 14:13:32.000000,en
owjk,1,137,10,2010-03-17 16:41:24.000000,en
Dinike89,5,1108,64,2010-12-09 21:05:46.000000,en
NatalaKowalska,3,156,3,2012-08-17 12:05:06.000000,pl
blue_yans,9,255,9,2013-01-27 10:18:23.000000,en
andrewbabb2,1,112,14,2014-04-22 00:02:22.000000,en
drive2266,0,219,8,2013-06-04 17:02:08.000000,en
kobo8117,4,1675,45,2011-01-02 09:23:10.000000,en
shirokuma1219,22,1433,79,2014-04-12 02:03:05.000000,ja
kinzepringle,6,1019,74,2011-02-24 23:25:12.000000,en
Lokaranjan54,5,1758,48,2011-08-26 13:03:44.000000,en
B_elenciiTa,2,237,4,2011-05-20 19:53:30.000000,es
jake32402756,7,1473,94,2012-02-20 02:48:20.000000,en
yipsisi2010,4,256,180,2011-08-21 05:03:09.000000,en
mjzjk,3,235,16,2010-11-30 13:44:52.000000,ja
liesse26,0,125,8,2010-05-17 22:53:11.000000,en
RobertGanaway,11,1641,60,2013-02-23 00:13:00.000000,en
merry_effendi,12,429,17,2010-09-03 16:18:14.000000,en
marismantara,60,1116,13,2013-01-05 06:42:31.000000,en
vivaviavegas,28,331,16,2009-08-23 00:20:17.000000,en
bakermalik,3,215,8,2011-01-23 18:46:51.000000,en
Cryssi60,7,1215,29,2009-06-25 22:59:56.000000,en
jacklemmon12345,5,488,23,2014-12-10 14:44:07.000000,en
UTKARSHRAI90,0,158,7,2011-05-23 08:23:39.000000,en
zeludo4,0,404,17,2010-08-20 17:07:30.000000,fr
wager447,1,244,8,2010-07-03 07:41:16.000000,ja
yun825,0,281,7,2010-02-08 14:40:51.000000,ja
KYAcheer,1,1077,41,2011-02-11 22:17:38.000000,en
ayaharik,5,320,30,2013-06-27 07:05:17.000000,id
jotaerre72,0,72,8,2011-02-16 12:27:20.000000,en
qqrt66689,56,1299,56,2012-08-10 14:20:36.000000,ja
joumontarou,2,1137,41,2015-09-26 02:47:52.000000,en
karim98641542,5,1451,48,2014-02-05 17:37:06.000000,en
KNsowah,1,141,8,2012-08-27 11:26:48.000000,en
riza_zaza88,4,221,11,2013-06-16 07:17:22.000000,en
vipinrathi22,4,878,20,2011-06-01 17:11:12.000000,en
NicoGarfiel,4,1932,79,2013-02-18 19:26:30.000000,fr
gogettas1000,14,88,38,2011-01-15 02:46:23.000000,en
jjj_fcs,6,1885,45,2015-04-17 11:05:40.000000,en
nando_br22,3,1411,13,2010-08-25 02:47:43.000000,es
doriruchin,4,1365,59,2010-04-19 01:10:47.000000,ja
m_lopez12325,1,1121,74,2013-06-10 14:44:25.000000,en
ACrenshaw86,41,1914,99,2011-07-19 16:21:57.000000,en
upixcantix,0,204,13,2011-12-31 01:52:14.000000,id
RaoufElouati,7,81,5,2011-08-26 14:46:17.000000,fr
hafizi1981,1,201,6,2011-09-17 05:30:10.000000,en
TagoeElliott,6,1114,73,2012-08-25 05:22:24.000000,en
miacaprii,3,1235,144,2014-09-07 00:55:24.000000,pt
OMGITSLITA,3,149,9,2011-03-12 15:00:12.000000,en
penis123456775,2,1301,107,2015-01-07 17:03:40.000000,de
mchteinwin,2,749,26,2011-12-12 04:41:32.000000,en
mtrainham,1,294,15,2009-12-21 05:00:43.000000,en
elisabethsepulc,2,321,10,2011-10-03 15:40:02.000000,fr
FrUiTCak3,1,153,10,2009-07-28 08:07:27.000000,en
LJtliang0604,1,1293,12,2014-07-21 02:57:18.000000,zh-tw
DavidBoamz,6,111,9,2010-04-21 09:28:41.000000,en
youngbob2012,0,63,5,2011-11-05 12:47:26.000000,it
hezilhelal,4,1389,60,2012-01-24 18:00:27.000000,fr
josuecito319,3,461,16,2011-08-20 03:59:04.000000,es
muntazirulmehdi,0,1414,55,2011-07-15 13:21:45.000000,en
Rise100,0,202,18,2010-10-25 16:07:16.000000,de
Drogba258,1,623,49,2010-12-06 14:53:48.000000,en
ADjalli,3,323,9,2014-10-17 21:45:44.000000,pl
ellen_JBfever,2,465,23,2010-12-17 15:42:51.000000,en
Judykarb2,3,1646,68,2012-06-17 12:51:36.000000,en
TokoCahayaPrg,0,165,7,2014-02-09 06:46:51.000000,en
anthoruiz3171,2,1393,26,2015-08-06 05:21:31.000000,en
mkhizesi,0,198,10,2012-06-29 18:01:47.000000,en
Opaqueiffy,0,58,5,2011-08-23 01:10:41.000000,en
TedroseWorkneh,3,875,35,2013-06-29 20:10:49.000000,en
stoilchev,2,56,4,2010-10-09 22:17:20.000000,en
acleveland5,0,371,15,2014-01-05 14:50:41.000000,en
MannTroll,16,2199,43,2012-02-14 20:53:17.000000,pt
ashleyt12428466,2,1119,65,2015-09-21 20:09:09.000000,en
HussenMansy,7,244,8,2012-04-23 20:10:56.000000,en
ositaadi08hotma,0,88,4,2011-03-19 23:57:47.000000,es
sot753641,5,1363,57,2013-11-15 15:09:53.000000,zh-tw
hartchris531,0,1148,63,2013-02-13 08:12:10.000000,en
Abbeyk61,0,121,7,2009-11-03 19:35:19.000000,en
lc_babyy,0,206,13,2010-07-07 13:41:15.000000,en
milksinging,1,189,3,2010-11-25 16:22:38.000000,en
delucasdarosa,13,3067,96,2011-07-29 01:56:48.000000,pt
m_tsix,4,1204,69,2012-10-24 13:24:13.000000,ja
Zoe_Gordon,1,152,9,2010-05-21 09:07:17.000000,en
innecence_2011,2,130,7,2011-01-12 13:54:24.000000,en
tildminou,5,353,10,2009-05-25 21:03:00.000000,en
LarxeneZ,5,432,10,2010-12-08 21:58:45.000000,en
jeanpierre08col,6,1164,48,2010-12-05 13:28:48.000000,fr
salon1030,45,1284,396,2013-03-08 00:27:44.000000,en
peteradel7,8,1142,65,2011-08-22 16:13:53.000000,en
eliskamotyckova,5,302,7,2013-09-13 21:12:49.000000,cs
baker4287,4,2837,34,2012-02-28 17:58:53.000000,en
kwangiman,6,1387,63,2011-05-05 23:37:26.000000,ja
Greatek19,1,425,12,2009-08-29 23:35:30.000000,en
dhea_prita,0,165,14,2013-05-21 11:19:51.000000,en
RechtmanRobert,0,626,12,2013-02-06 09:25:06.000000,en
ReyesMarite,1,315,11,2011-11-02 02:48:33.000000,en
javiebetico,1,1164,36,2011-04-20 20:56:35.000000,es
Nattaliah2,7,196,14,2010-03-04 02:38:36.000000,en
dannysnipples,0,171,9,2012-06-29 15:55:33.000000,pt
22username,0,269,8,2010-09-23 19:58:00.000000,en
Prmvr_s_kalsi,2,187,12,2012-02-27 14:48:52.000000,en
ppk_043,4,1269,47,2011-09-30 13:40:10.000000,ja
BigTon_63695,0,213,8,2015-05-09 17:19:45.000000,es
97Y0o0,0,1150,54,2013-10-02 06:03:22.000000,ro
badis0,1,1702,77,2011-12-23 10:56:33.000000,fr
James47098446,8,127,26,2014-09-22 17:44:29.000000,en-gb
smoky145,7,1459,77,2009-05-09 17:44:47.000000,en
kylesrebel500,0,357,27,2009-05-04 17:08:34.000000,en
eliran2002,4,1745,62,2014-04-29 16:47:32.000000,he
wasasabi,4,1145,47,2014-10-21 03:26:09.000000,ja
chrisnanin,3,454,13,2014-10-09 08:13:19.000000,en
KevinZombies,5,1381,52,2013-07-18 04:51:47.000000,en
lenny2249,1,1266,31,2012-04-15 17:47:09.000000,en
sonnyhill85,3,1250,73,2011-06-30 12:37:23.000000,en
nini21e,0,51,3,2011-01-16 16:23:04.000000,fr
noah_balboa410,9,1456,59,2011-03-03 18:06:00.000000,en
realhigu,25,307,277,2011-03-06 08:15:10.000000,en
Leandra1603,3,641,23,2009-09-20 20:04:02.000000,en
MakotoIshino,9,1782,26,2014-03-18 17:00:32.000000,ja
justin74038,7,1384,56,2013-03-06 16:42:23.000000,zh-tw
MiamiKimKFanss,1,179,11,2011-07-26 15:33:08.000000,en
BrianMeehan2,5,405,31,2011-12-22 21:29:54.000000,en
H3ygurl,4,1627,98,2010-01-03 22:07:24.000000,en
ms15f,1,1331,34,2009-10-19 02:38:34.000000,en
jandersonjr,0,541,41,2009-02-28 23:20:40.000000,en
dulcemaria203,0,71,7,2011-05-08 12:10:52.000000,en
fossilizedheart,1,194,5,2011-07-27 13:00:09.000000,en
ArleyMeg,1,700,35,2014-08-05 02:55:49.000000,es
awsqusay,4,1739,69,2011-12-08 06:33:12.000000,en
hassan9363,2,141,3,2011-02-05 23:29:46.000000,en
TwonBlak,8,1156,56,2011-12-29 00:35:58.000000,en
cyj1884,0,131,12,2012-01-17 06:57:05.000000,ko
limoDZman,4,1823,113,2010-03-31 16:07:56.000000,fr
astor1954,5,238,6,2010-11-05 02:00:00.000000,en
zgr_aykal,7,1739,19,2014-02-18 08:08:02.000000,tr
cherif4063,10,1605,83,2011-10-20 20:47:48.000000,fr
gekzter,0,84,32,2011-06-08 06:49:00.000000,es
JayminLunagariy,0,125,10,2013-05-11 08:20:59.000000,en
honorioribeiro2,4,444,29,2011-08-08 13:12:09.000000,pt
MikixSilva,6,803,368,2011-09-20 23:42:15.000000,pt
ShingieC2,0,202,8,2013-07-02 15:49:05.000000,en
anthonpierr8,19,606,48,2012-03-22 22:19:41.000000,en
paweljan85,2,557,32,2012-11-09 09:04:24.000000,pl
73Pnk,8,251,6,2013-01-17 04:26:33.000000,en
pinkrose548,0,518,13,2010-12-15 18:16:06.000000,en
rebwar_bazaz,1,148,6,2011-10-04 16:54:03.000000,en
Keyes500,3,1038,91,2010-04-28 21:38:42.000000,en
afg_qais,4,174,31,2011-12-21 22:21:36.000000,en
lushioushottie,4,1405,53,2009-07-20 00:44:14.000000,en
alighor,2,1290,61,2009-12-12 11:23:52.000000,en
bashir_sam,0,94,6,2012-02-01 17:09:57.000000,en
Jack110,8,408,17,2009-03-05 03:30:39.000000,en
UniqueBarbiee69,0,57,5,2011-02-16 20:57:05.000000,en
bibanon_taisa,0,187,10,2009-11-17 07:25:33.000000,en
theresalovesno1,11,978,26,2012-04-04 22:49:40.000000,en
surijati,0,118,5,2010-11-29 08:06:51.000000,en
mt92504,1,1205,37,2013-02-17 16:05:47.000000,en
bmostdays,3,722,28,2013-12-30 19:38:12.000000,en
Rusy_85,3,146,6,2013-01-13 01:51:13.000000,es
mhdhlm,0,113,7,2012-04-13 16:58:06.000000,en
redoine12,4,1759,64,2012-05-20 20:29:39.000000,fr
PeterKomninos13,4,1230,39,2011-02-07 23:07:04.000000,en
davidgayol1,6,58,4,2013-02-08 08:32:00.000000,es
Szifo90,1,60,4,2014-10-13 09:28:31.000000,pl
Simsawesomer,0,156,7,2011-05-07 20:06:42.000000,en
mrill634,2,705,16,2011-01-14 19:11:56.000000,en
korewa11,3,1856,22,2009-12-10 01:02:35.000000,en
valtersmm,4,918,137,2011-05-04 14:32:07.000000,en
SkibnskiAndrzej,4,1110,56,2014-08-15 02:08:32.000000,pl
DristyRae,2,810,42,2009-09-07 15:23:19.000000,en
lizhughes84,0,194,12,2012-08-05 13:49:48.000000,en
GaioCarolina,1,213,9,2015-09-19 14:19:39.000000,pt
SavvyLaurelTwee,7,1725,67,2011-06-21 16:50:46.000000,en
JosJColnAcosta,1,83,6,2012-02-04 18:27:47.000000,es
sophLFCmoseley,5,2216,32,2012-10-13 23:40:00.000000,en
fabiogospel99,11,426,13,2011-10-17 08:01:40.000000,pt
bev4dave,2,426,17,2010-10-20 09:53:57.000000,en
puremorning80,7,36,4,2011-05-31 20:25:56.000000,es
jackscskliese,7,1088,49,2011-02-05 06:44:16.000000,en
jlbMD,11,2454,62,2010-12-03 14:59:24.000000,en
YMG_recordlabel,8,524,23,2011-01-08 16:03:27.000000,en
vinifrans,0,72,8,2011-02-23 01:56:07.000000,en
whatiswork,1,1324,71,2011-08-24 06:54:21.000000,en
xcward,3,2152,67,2010-01-04 22:42:14.000000,en
ryo42035426,2,1297,103,2013-12-19 13:59:14.000000,zh-tw
makanku1,1,88,8,2012-08-13 08:56:09.000000,en
lukasusw,3,1514,84,2013-03-10 10:54:39.000000,de
cheer4kiera,11,1017,15,2011-02-19 05:42:05.000000,en
darkfirecb3,0,108,11,2010-10-03 03:55:15.000000,en
yucelsumer1,2,1167,11,2010-12-28 09:47:46.000000,en
sana1616,0,115,8,2013-03-22 06:45:05.000000,en
thomson_yood,0,419,26,2014-09-13 13:19:32.000000,en
JadeAyala,23,1669,69,2011-04-30 16:54:18.000000,en
PeterYip12,3,1235,36,2015-06-15 21:58:31.000000,zh-Hant
sosmith96,1,576,16,2012-03-19 23:36:27.000000,en
ivan23418,0,162,11,2015-08-27 20:13:32.000000,es
Fresh_1996,18,3136,136,2009-08-15 06:22:19.000000,en
KetteringMegan,0,1345,60,2013-02-05 21:57:07.000000,en
Sifrina9,1,150,11,2010-04-01 13:24:55.000000,de
sally69style,3,1286,11,2010-02-21 13:57:09.000000,ja
WithrowShane,7,170,5,2013-08-31 15:01:50.000000,en
JoevonFerguson,5,1134,61,2012-02-26 19:01:26.000000,en
AWajer,3,1498,73,2012-12-30 01:20:28.000000,en
ManizImoet,50,362,14,2012-11-29 07:05:44.000000,en
gallonon100,0,84,4,2011-04-05 05:23:45.000000,es
Sammi977,5,1131,49,2010-03-22 00:05:11.000000,en
harou84,6,1421,57,2012-08-14 00:10:20.000000,fr
Hopbeo,1,100,6,2011-01-07 09:01:04.000000,en
ppcharls,12,1403,99,2010-04-22 13:34:35.000000,es
MeubelBandung,96,677,246,2012-06-13 13:29:23.000000,en
markk121,3,1563,80,2012-12-01 00:56:17.000000,en
v0n13,6,89,8,2010-07-07 21:23:12.000000,en
marlini34,1,306,17,2015-09-06 03:30:00.000000,es
sezaxsara,4,104,7,2009-04-07 10:35:53.000000,en
BIGBUCKyahoo,5,62,4,2011-01-12 22:42:55.000000,en
esposo324,1,398,15,2011-03-14 01:06:35.000000,es
tessaANNEx,11,349,7,2009-04-29 07:06:36.000000,en
1051_dany,11,1535,170,2011-05-13 22:20:27.000000,en
hkyym,5,1429,64,2011-02-06 15:27:48.000000,fr
multimauistvols,2,1179,71,2011-03-22 23:32:02.000000,de
KaylaaaMartin,1,384,22,2011-02-21 23:14:14.000000,en
b_rishen,2,1332,30,2011-06-22 14:47:03.000000,en
skripshit,39,157,10,2010-10-28 11:16:39.000000,en
Dougie8041,6,1286,29,2010-08-23 16:22:33.000000,en
GranadosBunbury,0,82,6,2015-08-27 13:44:15.000000,es
rolando0070,7,1249,88,2012-02-24 13:52:40.000000,es
chiinitoboy,9,2417,42,2010-06-01 23:12:50.000000,en
Tobias87,3,1337,80,2009-02-22 07:56:55.000000,en
lori_gilroy,2,543,20,2012-10-26 00:57:30.000000,en
crazygymnast95,2,557,23,2009-03-21 22:49:44.000000,en
AngelDu48391257,2,426,14,2013-03-08 01:53:13.000000,es
roz1q,151,1237,315,2009-09-26 11:48:48.000000,en
JYubesi,3,726,15,2015-11-17 03:13:34.000000,ja
MaciekSzczepan4,0,627,23,2013-10-15 19:03:57.000000,pl
ericksitow,5,209,11,2010-04-13 21:34:32.000000,es
roy_esau,1,600,28,2011-08-09 16:05:13.000000,en
emileclaes,1,181,6,2011-01-22 15:26:17.000000,en
vitorotavio2,21,238,25,2012-01-15 02:06:43.000000,pt
pafsi,5,57,6,2009-05-20 07:10:17.000000,en
sanatawn,1,305,22,2011-08-23 00:45:44.000000,en
MINIPUCK,0,125,8,2010-03-28 18:58:24.000000,en
Maverick74red,0,92,8,2011-02-08 00:56:58.000000,es
yigitali12,1,144,13,2013-07-30 09:44:44.000000,nl
jafarhstu,4,1844,37,2011-04-14 10:56:12.000000,en
tha_arvensia,3,350,10,2013-06-12 09:43:55.000000,en
kenmartin82,6,388,21,2014-05-03 15:38:04.000000,en
jeromemichl,10,1916,25,2012-03-25 21:32:39.000000,en
hendrobro83,3,262,15,2013-05-30 03:30:50.000000,en
healindstrom,3,748,36,2012-11-06 14:47:33.000000,sv
DorkieDemzx,1,308,14,2011-07-18 19:06:03.000000,en
poahteah,2,53,4,2010-12-31 18:01:48.000000,en
rocka16,3,954,46,2011-06-07 21:24:09.000000,es
sulaymanmuhamma,5,1478,77,2012-07-07 20:34:16.000000,en
SchrammGiuliani,4,242,313,2015-01-20 12:34:06.000000,pt
nandotwiot,102,733,46,2009-10-27 09:19:53.000000,en
annimel007,1,180,8,2015-03-15 15:13:36.000000,en
jsdotyang,0,145,12,2012-04-14 06:48:52.000000,en
2Cabrer,2,182,19,2013-10-04 23:31:01.000000,es
kev21121990,4,1745,86,2013-02-27 02:22:15.000000,fr
RoselleJb,3,255,19,2013-03-01 10:47:48.000000,en
Vladi228,2,1093,41,2011-01-11 16:33:32.000000,en
sUckAfiSh73,8,2859,46,2013-11-20 06:26:24.000000,en
cobbmike19,6,1981,20,2014-08-18 06:41:00.000000,en
mylove_aj,2,1148,49,2010-04-01 13:42:07.000000,en
nurabe,6,1244,39,2011-01-21 11:55:45.000000,es
wisper2john,15,1296,34,2012-08-16 15:45:46.000000,en
julieast1,20,1300,107,2011-08-20 14:19:38.000000,en
aryasebastians,0,153,8,2012-06-10 11:01:48.000000,en
carlos0424,0,219,19,2010-05-23 18:31:04.000000,es
MikeRedLooney,5,2026,66,2011-02-22 23:28:56.000000,en
latoyanelson86,9,1595,66,2012-09-04 19:01:44.000000,en
lisahendrya,1,187,7,2012-05-05 17:57:34.000000,id
mnarris31519501,3,1292,52,2014-08-03 14:39:22.000000,en
nanidjohan,1,381,28,2014-09-27 14:16:17.000000,en
haley_huiyun,6,345,11,2015-05-15 02:17:51.000000,en
de17910574,2,1221,44,2014-09-09 02:55:34.000000,ja
saraandjoshua,17,2873,77,2012-05-08 19:31:41.000000,en
k_emikri1999,0,55,6,2014-12-19 13:08:03.000000,en
edupoltronieri,1,377,43,2012-06-14 21:57:51.000000,pt
HannaMullins,3,178,5,2010-09-18 13:06:09.000000,en
wodjohan,59,350,1019,2010-11-08 04:11:15.000000,en
earthtorinaa,0,160,15,2010-08-30 16:32:30.000000,en
kmheeo,7,1560,77,2012-01-19 14:32:49.000000,en
Amandaperkey1,2,124,8,2016-01-05 15:05:59.000000,en
YoungAlysha,23,378,43,2011-11-06 21:50:10.000000,en
arii9550,1,1156,67,2009-08-11 18:33:10.000000,en
mumuamar27,0,146,12,2014-07-20 21:01:02.000000,en
irawinarso,33,424,1079,2009-08-10 10:34:47.000000,en
enywati_0406,2,203,14,2013-05-16 05:20:15.000000,en
santtonerva,5,77,9,2013-12-15 15:00:35.000000,pt
elizapinky,34,300,29,2013-04-06 19:17:08.000000,en
paige_333,7,382,20,2010-08-16 02:19:21.000000,en
romain76100,7,1672,92,2011-10-04 15:29:23.000000,fr
Alxdunne,1,84,6,2011-07-19 10:23:13.000000,en
scottyr71,1,379,35,2011-01-25 14:10:57.000000,en
newthitima,16,152,5,2012-02-18 10:08:56.000000,en
Cristina_creing,0,163,29,2012-11-02 15:20:48.000000,es
27Memeymbemz,0,81,5,2010-10-04 05:11:06.000000,en
zoe_zhang90,0,148,10,2013-11-01 21:02:29.000000,en
Jack_Leeson,4,1425,46,2012-04-16 13:32:22.000000,en
Brontedahl6,33,280,9,2012-01-16 03:03:03.000000,en
lovedoverove,0,97,8,2015-12-03 23:02:11.000000,en
Stacey77Stacey,0,149,16,2012-05-22 11:00:15.000000,en
darekgt,5,2040,122,2010-05-08 12:09:15.000000,en
indycarbrian,31,636,46,2011-01-02 14:44:44.000000,en
TrGamer037,3,168,16,2014-11-29 19:38:34.000000,nl
rodmarferrer,5,924,28,2010-09-29 04:29:56.000000,es
KristinaBlindhe,18,2393,57,2013-04-16 07:46:38.000000,en
Ma1sa2ed,239,982,1474,2011-03-03 15:55:39.000000,en
jaylonburke,1,662,33,2012-10-05 19:46:42.000000,en
ahthithan,5,1448,47,2010-04-02 08:01:18.000000,en
aminmalami,8,103,10,2013-07-10 20:10:24.000000,en
Earpy77,0,416,27,2011-10-30 10:57:19.000000,en
Jordan_Wray__,1,389,33,2011-12-23 11:46:33.000000,en
TbcNira,2,606,28,2011-05-20 23:58:50.000000,es
darnew1129,0,185,13,2010-08-13 13:58:43.000000,en
diamondgemm2002,3,224,10,2015-01-10 00:16:36.000000,en
V1ct0r74Manuel,2,1205,38,2013-03-01 22:01:58.000000,es
fofa_caah,20,1507,24,2011-08-06 18:30:08.000000,pt
PJarome,1,151,11,2011-05-16 14:44:15.000000,en
HTuffour,0,1055,31,2011-08-20 20:05:21.000000,en
Shorz533,4,658,24,2011-01-28 03:13:04.000000,en
sige_c,5,1336,60,2011-08-15 14:28:14.000000,ja
maria20982,2,472,43,2009-04-26 22:09:41.000000,en
AbbysCorner27,0,120,24,2010-01-18 17:47:32.000000,en
anne466marie,2,185,12,2013-05-06 02:56:55.000000,en
dorian138,5,1148,35,2009-11-29 23:02:11.000000,ja
jillona1,35,2203,173,2012-03-27 16:36:16.000000,en
lethihanhtruong,3,92,9,2011-11-25 22:34:02.000000,en
Kazeland,0,105,7,2011-08-23 03:23:55.000000,en
BurelSacha,1,69,7,2011-05-25 12:57:25.000000,fr
ERarson,34,409,11,2014-05-10 20:18:31.000000,en
wiliamgordon,2,1507,85,2011-01-09 16:45:02.000000,en
qncolleen,11,942,30,2009-04-26 20:21:40.000000,en
MumtazYusufJama,3,1372,65,2011-09-12 19:42:41.000000,en
vero_passage,19,449,83,2012-04-06 13:39:18.000000,en
Jont07,2,430,15,2009-05-09 17:28:03.000000,en
luvGracia,1,374,14,2009-12-04 10:58:09.000000,en
phyllonys,0,66,6,2011-01-11 09:16:23.000000,en
anecoto,1,119,7,2012-01-25 17:36:38.000000,es
MatlafusCZ,0,181,14,2014-04-17 16:08:14.000000,cs
agung_otnil,3,676,24,2012-10-03 13:27:28.000000,id
liiiiuuzzz,0,278,11,2014-02-24 13:04:22.000000,id
Marcosa94064975,0,53,6,2012-03-17 10:27:07.000000,pt
steff_miz,1,1620,83,2015-12-27 13:01:43.000000,en
dc910623,4,230,8,2012-05-07 12:57:36.000000,zh-tw
zedo53,4,1662,84,2009-06-15 07:19:36.000000,en
tarikbenhur,1,1149,5,2011-11-14 21:00:04.000000,en
SzwabX2,7,1472,56,2012-12-26 22:47:20.000000,pl
Ganjalysse,0,376,26,2010-07-12 18:55:58.000000,en
ZephyrGreen,2,111,5,2012-06-27 14:22:27.000000,en
jojo15l,8,1875,78,2014-04-10 15:55:58.000000,en
OlegarioDelNero,2,794,68,2011-07-18 21:59:01.000000,pt
MMarybee,1,191,15,2012-01-14 12:55:48.000000,en
jesus_lopez1995,11,74,8,2011-01-11 00:57:08.000000,es
1186477304,1,1450,36,2012-01-03 17:02:45.000000,zh-cn
dragonquest30,11,1081,19,2013-07-19 14:14:50.000000,en
SwindleyClare,0,111,7,2015-01-18 16:31:42.000000,en
brookefrance22,0,160,13,2014-06-03 02:39:18.000000,en
nya_su117,3,1194,30,2013-11-25 05:35:52.000000,ja
AngelM_Dark,20,1674,97,2011-03-20 20:51:02.000000,en
betsy_bacon,0,244,7,2014-07-25 16:53:06.000000,en
mira61264,2,1374,69,2011-06-04 00:25:32.000000,es
melindajames64,0,55,22,2011-01-27 12:41:38.000000,en
taridanumaya,119,557,1013,2011-04-21 16:06:16.000000,en
Nikkigirl4211,4,308,15,2010-01-23 21:05:06.000000,en
QuadmasterCane,3,1318,21,2014-08-17 04:10:34.000000,en
laddibaby,2,63,4,2011-01-17 06:48:40.000000,en
kjjemma,0,108,4,2011-09-28 10:12:15.000000,en
Maticona,2,164,27,2012-12-09 16:10:54.000000,es
Candy1413,4,181,6,2009-06-15 22:24:41.000000,en
kimututaku,6,1650,71,2012-03-19 13:55:53.000000,en
lesRiches,2,148,11,2010-11-09 14:44:44.000000,en
BauerCesar,4,1123,63,2012-02-28 21:27:46.000000,pt
ace201100,7,1872,84,2011-11-09 18:45:41.000000,en
wijayasmin,110,634,764,2012-08-11 04:47:52.000000,en
HiiiLLY,1,294,15,2009-02-22 16:31:45.000000,en
timurakchurin,5,2239,38,2011-04-20 19:06:45.000000,en
cgoodrow82,4,2083,62,2013-03-06 21:44:10.000000,en
DerrickThomas4,5,925,25,2011-08-04 18:58:42.000000,en
Ilsillos,4,1060,26,2010-04-19 16:50:50.000000,es
jconnor62,5,1217,49,2013-05-27 21:16:30.000000,en
megandawn19,4,719,20,2009-09-28 01:23:44.000000,en
ilradwan,7,2106,41,2011-02-16 22:38:15.000000,en
fernanda2308,1,142,5,2009-09-23 15:01:31.000000,en
Nethereal,1,276,10,2010-05-03 15:27:03.000000,en
mancio_c,5,239,20,2014-05-23 13:12:33.000000,it
BirdLar00688153,1,1274,50,2013-08-01 05:31:53.000000,en
OhioOutlaws6,3,259,13,2016-03-05 00:28:04.000000,en
cyunk4eva,0,56,4,2011-01-19 14:24:10.000000,en
herwinawahyuni,3,156,10,2012-04-28 12:05:20.000000,en
VipinMehla,0,291,15,2013-11-11 17:06:22.000000,en
aggsi09,3,1496,41,2014-02-04 17:55:33.000000,en
Paulo_901,0,230,12,2011-10-19 19:32:39.000000,pt
djfebry,5,210,9,2011-01-04 06:56:00.000000,en
wierdass64,6,693,38,2010-01-08 19:24:28.000000,en
appl15,3,1503,61,2010-06-04 19:52:16.000000,en
camrynmelanson,7,369,14,2012-04-01 04:46:48.000000,en
joma_sanchez,1,91,7,2011-05-06 02:33:23.000000,es
vaibhavbarwal_,9,207,95,2014-02-18 06:31:03.000000,en
LeungPMHAZEL,1,213,21,2010-05-02 22:28:12.000000,en
Adalbertovela13,1,198,22,2014-05-31 15:21:04.000000,es
Mkays3,9,1571,82,2011-02-21 23:37:49.000000,en
kenbor_cute,0,536,47,2010-10-10 03:39:18.000000,en
fnsr,1,169,8,2010-02-13 05:49:34.000000,es
20_vinay,1,744,12,2011-12-13 17:24:31.000000,en
IsledeMuerta,3,66,49,2011-04-13 08:23:32.000000,en
maradoalexis,1,168,6,2012-06-28 03:02:26.000000,fr
Jr1252,0,709,27,2012-08-15 04:15:48.000000,en
IloriJide,1,475,25,2012-04-30 08:53:01.000000,en
Riot_stylez,2,722,21,2011-10-18 12:40:31.000000,en
hooohing,1,115,6,2012-09-10 13:36:16.000000,ko
pichiyooo,1,1373,16,2010-04-23 10:16:03.000000,ja
HazardosRainbow,1,346,106,2011-01-17 17:36:45.000000,en
joaquimsalguei1,2,1002,40,2011-09-04 12:36:32.000000,en
TrizzaGapultos,2,209,4,2014-06-16 17:17:49.000000,en
henryvspear,5,1323,42,2014-12-31 00:30:20.000000,en
241alycia,0,189,7,2010-12-21 13:09:00.000000,es
PNatee,4,313,6,2011-06-15 14:20:54.000000,en
Porsche61708558,4,1489,45,2012-11-30 22:15:55.000000,en
saliuxian,11,1494,31,2011-06-02 14:38:12.000000,ja
DaPeix,5,1303,87,2012-02-01 01:36:42.000000,pt
DinaElishaa,0,150,12,2011-12-07 12:47:34.000000,en
salvadoromar191,1,183,14,2014-06-06 17:17:08.000000,en
LePtitLu54,7,1189,55,2011-02-02 13:03:06.000000,fr
Ken63672174,4,1361,83,2013-01-20 01:15:44.000000,en
eduardo_cleves,4,258,17,2015-03-15 17:58:38.000000,en
AhmadDrmanzoor,0,223,20,2014-03-24 15:48:31.000000,en
daniella_za,55,720,157,2012-02-25 07:07:52.000000,en
olivepopeyee,34,391,105,2010-10-17 02:16:13.000000,en
SexygirlMelissa,0,162,8,2012-01-23 03:14:26.000000,en
MiDallaCosta,7,1588,43,2010-02-02 18:26:45.000000,en
ginasenger17,0,133,4,2009-08-03 23:39:10.000000,en
rishabh035,5,547,19,2011-01-08 14:32:10.000000,en
Poptartrock,3,409,15,2009-04-07 00:20:17.000000,en
chechitamoxa,3,71,5,2011-01-13 05:40:28.000000,es
joshgateley93,4,1313,239,2013-09-12 18:37:06.000000,en
pogzrenz123,7,1483,32,2014-04-13 10:21:04.000000,en
taha_hariri,10,457,48,2010-11-21 21:45:41.000000,en
Yung1782Boys,2,129,12,2012-02-22 10:10:06.000000,en
JohnsonTeoh1,9,1831,93,2011-06-21 10:22:18.000000,en
Short202Short,0,168,8,2013-11-10 02:23:33.000000,en
ldud69,5,450,23,2010-10-01 00:30:16.000000,en
jarguillon,10,1591,44,2012-03-03 01:29:28.000000,en
jordyprincess,10,1477,77,2010-12-24 16:27:35.000000,en
siang_simple,87,408,1308,2010-03-24 01:54:28.000000,en
BrujisJc,0,58,4,2011-01-15 03:33:26.000000,es
AirKit120,1,987,40,2013-08-22 13:47:47.000000,en
sand1991bm,3,1203,49,2012-05-19 22:37:24.000000,ar
Mai_Chow_Socks,0,96,11,2011-06-23 20:29:15.000000,en
hokusetsu_ouji,4,1133,12,2010-02-11 04:15:08.000000,ja
dteel72,9,1497,56,2009-07-13 00:33:25.000000,en
jfaf88,8,2576,101,2011-02-27 23:50:40.000000,en
lennydwipuspita,6,320,14,2012-03-29 04:51:09.000000,en
Marjory1991,5,1354,72,2011-07-23 10:45:42.000000,fr
ktemplak,5,1205,157,2011-04-18 19:14:21.000000,en
dulprojeck12,3,1002,26,2014-01-11 16:23:42.000000,id
williams_myles,4,1678,21,2012-01-01 00:37:22.000000,en
blahblah1324,2,140,9,2009-06-04 22:47:26.000000,en
robinandbill74,11,255,36,2007-12-14 19:54:03.000000,en
michaelbarrows2,1,541,11,2011-11-11 17:57:35.000000,en
Manovct,5,1839,103,2010-06-18 04:13:18.000000,en
Corrine97,1,448,54,2009-11-13 18:15:57.000000,en
Lizzylacomible,0,328,24,2010-10-12 22:38:48.000000,en
la_lisa_ang,21,388,44,2011-11-16 13:07:41.000000,en
KennethRSmith2,6,2193,77,2012-06-02 01:16:36.000000,en
leooooo1998,4,1295,56,2012-04-20 14:20:18.000000,it
erikuscc,0,223,8,2012-02-10 15:27:27.000000,en
roberthaye1212,5,810,47,2013-05-23 12:49:26.000000,en
dancingonyhesun,0,150,8,2008-11-15 19:26:53.000000,en
artsdownsview,11,292,21,2013-10-01 21:57:57.000000,en
dino3666,1,257,12,2009-08-16 22:05:52.000000,en
lailashahrul,1,56,3,2011-02-10 11:15:44.000000,en
joe_awtrey,11,1912,53,2015-05-22 04:04:02.000000,en
Niba57Ozdag,1,150,8,2015-03-05 21:50:43.000000,en
Calleander,8,1254,50,2009-05-24 15:49:42.000000,en
PatriciaCastro,55,564,465,2009-03-18 03:28:45.000000,en
akakakaa,3,1665,10,2010-02-09 06:09:48.000000,en
begrac_18,15,831,46,2012-03-04 13:34:38.000000,en
mzmacklin827,55,2831,11,2010-09-11 02:00:11.000000,en
ValentiinaWeed,1,98,7,2010-04-30 20:36:02.000000,es
hugocxd,3,1111,14,2012-12-19 15:28:25.000000,pt
fetohkhaled,3,1272,63,2011-12-16 13:59:11.000000,en
siti_nurasyikin,1,273,16,2011-05-03 13:17:13.000000,en
SeanSeckertson,4,951,21,2013-05-15 18:11:01.000000,en
allysaunt,0,172,11,2011-01-17 16:55:48.000000,en
xFranni,1,325,13,2009-10-25 01:36:59.000000,en
prettyswagg360,6,161,45,2010-12-28 18:01:09.000000,en
SHOOT3RUK,2,407,22,2009-11-02 16:55:22.000000,en
VelickovicNebo1,1,241,7,2011-12-06 09:45:47.000000,en
KamilionsisG,0,125,7,2014-01-02 20:43:30.000000,en
boyzinho16a,25,504,21,2011-11-23 23:37:51.000000,pt
guguiinhaa1,6,973,27,2009-11-04 11:42:48.000000,en
cristianmonaco,2,56,4,2011-03-10 04:28:15.000000,it
moraisrafael123,0,1159,49,2011-02-24 20:06:40.000000,en
SandyPimenta,6,865,18,2013-02-20 19:28:15.000000,pt
dJard11,1,164,13,2011-10-21 19:13:41.000000,en
gabrielitha2,0,187,7,2010-09-18 02:29:03.000000,es
mariosnic1984,3,383,18,2010-09-19 18:29:59.000000,en
rosunia90,6,2336,73,2010-04-11 20:30:22.000000,en
rocketscience53,0,680,25,2009-11-29 03:40:10.000000,en
amandinhahotmai,6,415,15,2010-08-12 03:03:18.000000,en
ramanapandilla1,4,193,13,2015-11-22 06:42:50.000000,en-gb
nguyenxuantumd,1,995,65,2013-02-11 11:54:06.000000,en
sandritatm21,6,1122,54,2010-12-19 23:52:26.000000,es
Raptor754,0,300,11,2016-08-29 18:37:32.000000,en
lbatni,1,97,23,2011-01-24 17:11:19.000000,fr
terrorvidhi,0,78,3,2011-02-12 07:06:20.000000,en
achfah,0,163,14,2011-04-17 09:00:11.000000,en
fredy1812618,10,1684,10,2010-05-30 04:03:36.000000,es
nott2527,2,808,27,2011-06-21 12:57:56.000000,en
istayytruee,2,256,7,2009-07-08 06:27:58.000000,en
fo_leath,9,1516,15,2014-08-21 11:20:59.000000,en
bennyisibenito,11,1807,40,2013-01-28 05:15:21.000000,en
abc123art,8,1191,61,2009-03-25 06:03:45.000000,en
PaulinaWrobel,4,138,14,2011-10-05 20:23:35.000000,en
Christo2009John,4,132,5,2012-04-15 23:34:25.000000,en
KotetuYamada,10,1871,15,2013-01-27 13:36:27.000000,ja
Callganall,0,59,4,2010-11-01 14:13:39.000000,en
butterken11,12,1292,41,2010-09-10 08:52:45.000000,ja
jv13_jo,1,1056,32,2011-04-05 11:44:28.000000,en
bexspency,98,407,159,2011-07-28 12:50:24.000000,en
KrisB_5050,28,546,62,2009-06-15 06:54:31.000000,en
u6vmp177,2,1332,81,2013-11-24 18:24:45.000000,en
tumtum191,4,1367,53,2011-12-21 05:05:15.000000,en
GrassieCraig,13,23,54,2014-08-31 21:16:11.000000,en-GB
Deborah_Yvonne,10,1660,121,2011-11-17 05:35:40.000000,en
dying_planets,21,3073,98,2012-10-02 00:01:39.000000,en
mikeysmith1986,0,147,6,2012-01-22 19:15:46.000000,en
masayon02,14,1849,11,2010-03-15 09:17:51.000000,ja
Debs197832,8,199,7,2011-03-12 20:10:20.000000,en
federicodegrazi,0,117,10,2008-10-04 03:11:25.000000,en
DEASY77861475,5,339,14,2014-02-11 05:47:45.000000,en
soldier0224,5,2036,47,2011-05-09 17:21:32.000000,en
yu_kilyon,1,1196,50,2010-08-27 10:32:41.000000,ja
vela_benancio,2,1225,30,2013-10-25 22:58:29.000000,en
AlexAlberti1,4,1314,60,2012-02-01 18:15:41.000000,it
st0ne1o1,0,151,6,2013-12-10 04:22:02.000000,en
luanar2011,6,943,22,2011-05-01 21:30:57.000000,pt
Hyacrock,1,1212,44,2012-01-11 17:09:37.000000,ja
ptm_band,8,1224,50,2011-05-20 13:22:03.000000,en
_034168881716,3,1476,95,2012-02-16 22:18:21.000000,fr
sujashibu,1,118,6,2011-12-30 23:54:59.000000,en
GurtFlynHotMeal,14,1010,99,2009-11-06 23:27:27.000000,en
dmacgraham03,5,767,47,2013-10-04 00:22:33.000000,en
MarieAnemarie97,1,144,9,2014-09-23 16:28:28.000000,en
wahyuni_yunita,61,449,64,2011-08-17 06:58:41.000000,en
Love35Ricky,3,591,37,2012-01-26 23:49:50.000000,en
milla2k13,10,1625,80,2014-01-24 00:08:43.000000,en
chazjayy,17,2039,42,2010-01-15 03:49:39.000000,en
Ckelly_top,5,1840,25,2010-09-13 21:25:56.000000,es
dpromanowski88,1,666,27,2013-03-19 13:57:56.000000,en
JooAhrgos,3,1999,21,2012-12-14 00:06:19.000000,pt
ericclark11,0,165,12,2011-10-01 18:45:03.000000,en
JeSiKa_95,3,872,57,2009-11-29 21:00:34.000000,en
SimonTheBigFail,1,125,9,2010-03-01 17:23:48.000000,en
alcas383,4,959,35,2013-05-11 20:58:14.000000,es
LanzaMinhPaixao,7,1186,62,2011-07-07 20:40:29.000000,pt
ade_sinju,9,418,12,2015-01-30 14:37:08.000000,en
vivilou1101,3,1237,49,2012-10-26 16:59:17.000000,en
SaschaBursy,2,215,16,2013-05-09 12:00:36.000000,en
sarahyu,2,103,6,2008-03-03 08:21:45.000000,en
clarabertochy,0,111,8,2010-05-28 23:15:03.000000,en
nonwynona1,0,146,27,2013-04-06 11:54:53.000000,en
charlie82134292,0,364,10,2012-02-18 02:09:59.000000,en
ClangMark,12,2074,66,2013-03-17 22:49:39.000000,en
carlosbechtinge,1,426,22,2013-08-17 18:04:25.000000,pt
kenmcfarland2,6,511,20,2013-05-09 20:03:45.000000,en
1986Pech,5,1779,75,2011-10-22 17:53:11.000000,en
stanley264,1,70,6,2011-05-27 23:19:50.000000,en
Jinkster1,5,1115,15,2009-06-06 06:56:20.000000,en
tanicyon1,1,1104,39,2013-04-13 10:25:14.000000,ja
mjnlsn,4,1381,40,2009-03-25 19:51:49.000000,en
zazoulav,1,125,8,2012-10-15 23:47:47.000000,fr
tiago_huts,39,363,4,2011-02-17 18:26:46.000000,pt
roben91,71,373,1396,2010-08-03 15:58:37.000000,en
Iamgrande,1,204,39,2010-11-17 15:21:15.000000,en
USQpart2,15,1628,46,2011-08-02 22:46:45.000000,en
christianin1988,3,1243,27,2009-09-07 05:40:30.000000,en
webmomo1,0,156,8,2014-09-11 03:08:01.000000,ko
lance_L_ot,0,1324,150,2011-09-05 19:52:58.000000,ru
dajarum,2,1056,157,2011-09-06 16:30:32.000000,en
haazique_aslam,0,306,9,2013-12-01 04:57:34.000000,en
OoPsiieDaisy,4,175,5,2009-09-11 17:50:17.000000,en
harrysutheran,7,958,37,2012-06-13 17:33:27.000000,en
YunanCicis,0,271,11,2012-06-21 19:02:57.000000,id
xosoftball27,3,222,11,2010-08-19 21:21:43.000000,en
petrakol1,0,222,21,2013-03-17 19:39:38.000000,cs
used2luvherfilm,183,3269,62,2009-11-20 16:30:54.000000,en
gerrilleraz,2,403,17,2011-08-13 18:52:35.000000,es
katiehinchliff1,1,508,5,2012-08-30 14:28:26.000000,en
riccardosignor3,1,140,7,2012-09-10 14:05:03.000000,it
Richi7771,0,65,5,2011-08-29 14:08:31.000000,en
Elaine98512989,5,1498,84,2014-03-26 02:38:41.000000,pt
hanifdhk58,1,172,9,2013-06-14 05:06:43.000000,en
aelege01,58,1246,18,2009-08-14 05:06:02.000000,en
lee_rodriguez11,1,1247,21,2015-06-25 21:07:16.000000,en
1_tina_,3,1457,55,2010-02-01 03:42:02.000000,en
varamos9109,0,200,6,2015-04-20 18:30:31.000000,en
bfuzani,1,1456,92,2011-05-06 07:43:29.000000,en
SAMus1Arun,0,126,12,2013-10-13 10:17:44.000000,en-GB
Mdaphe,1,207,16,2009-09-17 01:28:26.000000,en
deathgod1985,1,62,5,2011-09-17 20:36:49.000000,en
Deemoond,7,1747,35,2010-07-31 03:34:17.000000,es
yume5522,3,1193,58,2010-12-16 13:38:14.000000,ja
kurohaA,2,1368,73,2010-01-30 01:55:36.000000,ja
erkansnmez4,42,2681,45,2012-02-10 12:20:16.000000,tr
Lella_Disaster,1,939,35,2010-09-25 09:45:31.000000,it
pablo0222,0,168,10,2010-11-05 20:56:36.000000,en
dck_indo,2,255,18,2014-03-28 08:37:44.000000,en
vip_wadi,5,620,11,2009-06-17 02:07:24.000000,en
FcMoniqueEvans_,82,281,275,2011-08-31 23:47:19.000000,pt
ShalomTalmite,1,323,15,2011-11-12 17:01:07.000000,fr
PatyEissaC,1,152,19,2015-01-21 18:42:35.000000,es
JeffChandler3,0,136,9,2011-10-20 14:21:21.000000,en
mesut2101,59,247,368,2010-03-17 11:28:27.000000,en
KyeronRhys,12,2403,68,2014-01-03 19:39:41.000000,en
nottirb0,1,325,9,2011-01-20 21:42:11.000000,en
newiceman244,24,1695,63,2011-02-27 23:51:44.000000,ja
kinhazinham,2,206,29,2009-10-27 18:23:06.000000,en
MitaMta,3,110,5,2014-02-25 14:44:39.000000,en
ashley88420,2,164,8,2014-12-08 02:39:01.000000,en
hashatriskk,7,1627,59,2013-02-24 08:21:38.000000,en
micamikan,14,1647,34,2010-05-12 15:08:42.000000,ja
nadimela,1,562,46,2011-06-11 00:19:52.000000,en
norazianabdull4,2,178,5,2013-10-25 06:50:53.000000,en
AnaCvitanovic,5,327,19,2009-04-21 04:01:40.000000,en
AshleeBaby135,1,180,15,2010-02-14 05:27:26.000000,en
LattaEric,18,1740,16,2013-12-15 22:11:34.000000,en
TataRaharja,3,338,8,2013-06-12 00:47:19.000000,en
koolaid798,6,1266,112,2009-05-25 19:56:57.000000,en
trasnmetal,3,58,5,2011-11-27 23:01:10.000000,es
yerik_gabi,11,229,19,2015-08-17 23:34:40.000000,es
pedro_pelobi,4,411,20,2012-03-07 01:09:53.000000,pt
jemae_bariata,2,1359,39,2012-11-14 10:51:11.000000,en
fameandfortuneq,6,1336,15,2010-11-30 21:57:36.000000,en
KimyPiras,2,762,45,2011-10-06 18:47:39.000000,it
dorkserellaamy,3,477,13,2011-09-01 21:33:29.000000,en
fit393,1,74,6,2011-02-25 15:21:08.000000,en
HaboshSh7,12,1538,60,2012-08-12 23:52:27.000000,en
svj00_19,3,1374,64,2010-12-13 22:16:59.000000,es
lotfihamidechi,5,1416,89,2013-08-10 18:23:31.000000,fr
minanboy,3,1346,27,2011-03-12 11:53:18.000000,ja
delfymont_05,1,134,12,2013-08-09 03:23:16.000000,es
ddx38oc,5,1231,36,2012-07-02 19:49:45.000000,ja
HolyCowStudios,2,1154,36,2010-09-12 12:48:32.000000,en
freddy52982,10,2341,49,2011-08-18 19:39:49.000000,en
manuelmatos17,0,94,5,2011-12-21 21:53:50.000000,en
klausklaus1404,4,1351,42,2011-10-20 20:06:55.000000,de
HartzMandi,8,352,8,2012-11-13 00:30:33.000000,en
ancoro_ancoro,0,1379,40,2010-11-09 12:28:31.000000,en
eri_123bf,2,1102,34,2011-01-16 06:57:20.000000,en
_purple_haz3_,9,1802,29,2011-10-20 10:37:20.000000,en
eko_boele,2,243,7,2013-04-27 06:59:30.000000,en
get_sLaped,0,160,11,2009-08-01 23:45:43.000000,en
BetikoKrazy,0,270,12,2015-08-21 16:40:19.000000,es
upalion,2,1380,48,2010-02-25 12:51:04.000000,ja
mr_farid2010,2,229,10,2011-10-14 10:02:56.000000,en
RavinaLangi,2,218,10,2012-03-17 23:17:31.000000,en
saikizusi,7,1701,53,2012-05-05 13:25:04.000000,ja
rilcin,1,114,6,2013-06-10 20:00:08.000000,tr
jenningsc87,1,463,4,2011-01-28 06:35:31.000000,en
breannamills88,1,93,9,2010-02-24 23:26:56.000000,en
Deaf_Apocalypse,13,194,50,2009-04-30 02:05:58.000000,en
proxtator,5,1317,40,2015-02-16 16:02:00.000000,en
elly_sumarni,0,238,17,2011-09-02 07:19:19.000000,id
XFaizalManjungX,0,166,5,2011-01-26 14:08:56.000000,en
MIIMZ10,2,435,22,2010-10-08 10:00:55.000000,en
WooRiJung,0,145,18,2010-07-20 11:32:03.000000,en
ceschielli,29,650,33,2009-09-10 20:53:17.000000,pt
CMatic1000,6,1410,12,2009-04-25 22:22:08.000000,en
botelloj39,0,63,4,2011-02-12 00:40:05.000000,en
erla2010,1,132,10,2010-01-26 18:44:19.000000,en
kahimixx,5,1190,46,2009-12-13 06:56:03.000000,en
soccerdod4,3,1550,85,2012-04-01 06:39:33.000000,en
vampirellameli,83,910,109,2013-12-01 05:29:50.000000,en
echojustme,1,711,42,2011-08-05 00:43:50.000000,en
bayufebruar,0,188,9,2012-04-14 05:33:22.000000,en
AngelinaKru,9,1584,81,2009-04-09 22:39:29.000000,en
desireeviana,1,591,74,2011-02-06 23:15:23.000000,en
StacyWa30111874,1,1306,39,2015-07-10 07:09:00.000000,en
Hiteshuchila,0,239,13,2014-08-10 07:06:58.000000,en
Lisalin9,11,394,14,2011-12-14 02:32:16.000000,en
joshvdh86,7,823,28,2011-09-17 04:28:12.000000,en
sofiasoto9,0,70,3,2011-08-25 20:45:40.000000,es
FaustineInkey,5,1514,95,2012-02-26 12:22:27.000000,fr
cakktus,3,2026,80,2011-03-20 14:44:37.000000,fr
VermaSaisha,1,113,5,2014-05-22 14:08:53.000000,en
MiMiSh21,3,709,20,2011-06-27 03:48:17.000000,en
YordankaCuba,14,173,157,2015-03-11 21:31:58.000000,en
maria_angelaxx,9,1993,89,2011-12-21 23:12:07.000000,en
FakharCheema786,5,1746,25,2011-02-24 05:42:01.000000,en
captchies,1,100,3,2011-09-14 07:33:56.000000,en
fubukiii,0,60,4,2010-07-30 18:56:18.000000,en
isatopher,2,2124,84,2011-03-29 02:46:24.000000,en
Khali_The_Omega,1,1368,63,2011-09-26 02:19:37.000000,en
padi9604,0,170,12,2010-03-25 23:38:04.000000,es
darajaii,5,117,38,2011-05-27 09:06:12.000000,en
Ohhjordanxo,49,2536,181,2011-10-13 23:32:43.000000,en
agnhezqoh,1,59,9,2011-11-13 14:48:54.000000,en
bqnqnq,0,204,13,2012-01-19 08:46:00.000000,ko
gabrielaa_1973h,4,103,7,2011-12-22 14:07:18.000000,es
ioodun,3,811,32,2010-12-15 15:23:49.000000,en
nandauckermann,8,247,32,2009-07-20 15:57:44.000000,en
Demo4lv,8,1497,108,2011-05-03 20:38:54.000000,en
lollol1239,12,1498,34,2014-06-07 00:06:44.000000,en
lilMexicanSNA,10,587,7,2011-07-24 04:57:13.000000,en
germanJusBfan,0,273,10,2010-03-22 20:14:27.000000,de
fetrident,8,199,5,2009-09-26 19:24:00.000000,en
septarinadwi,1,259,16,2013-03-29 09:33:49.000000,id
Perry6996,31,1362,44,2017-03-15 23:58:46.000000,en-gb
UltimateFlash2,60,1375,154,2012-11-08 17:01:48.000000,pt
Zeosniper,6,124,6,2014-11-02 04:56:34.000000,en
totelin1,1,47,17,2012-03-11 00:58:33.000000,fr
aarong01693740,0,139,21,2013-08-05 00:18:22.000000,en
Agnusdei21,10,1817,86,2010-09-18 12:02:07.000000,en
antonette172804,0,187,9,2013-01-31 08:55:19.000000,en
YaGaMy_KiRa,2,243,12,2011-04-02 21:47:35.000000,es
taradvi80,0,107,6,2014-07-06 06:20:40.000000,en
XvwR1,3,336,33,2013-11-04 22:33:44.000000,en
angelbadazz,7,1241,61,2012-03-11 02:05:14.000000,en
Ankh2825,2,1330,54,2009-01-07 00:46:04.000000,en
QV011ey,3,1026,35,2012-12-02 14:31:36.000000,ja
RYANCANTANHED,1,541,18,2013-04-20 00:23:49.000000,pt
reivereive,15,1470,56,2011-12-02 10:13:05.000000,ja
robert10stev,5,1698,11,2012-09-20 09:26:10.000000,en
johana_yoyo,1,151,6,2010-12-30 22:16:53.000000,en
Tatielle_T,31,771,93,2010-06-06 20:54:42.000000,pt
InnesAndrea,54,413,120,2013-01-28 20:17:43.000000,en
JBear1988,1,256,12,2011-11-10 13:03:45.000000,en
LilJerimi_313,3,1023,37,2014-04-07 21:22:37.000000,en
spaz7762526,0,426,17,2009-12-06 16:51:33.000000,en
mag1212,8,1520,16,2010-11-12 21:31:17.000000,en
Katielake7,1,131,8,2013-05-31 21:30:55.000000,en
donangellopez,2,456,27,2011-10-12 04:04:39.000000,en
longlinh9707,1,448,17,2013-01-28 10:07:04.000000,en
CarrieL23,6,723,26,2009-03-13 00:35:47.000000,en
ShingekinoDesu,4,385,23,2014-05-04 01:09:17.000000,en
jovi6487,0,174,12,2013-03-21 18:26:16.000000,en
ButcherP2010,8,1476,84,2010-01-03 05:29:37.000000,en
travissigmund,3,1370,61,2011-01-17 09:37:04.000000,en
Jorge_Jah,0,89,7,2012-01-19 10:52:42.000000,es
diegokuroda,4,396,12,2010-12-04 21:21:10.000000,en
obrayanemaciel,22,2121,55,2012-01-10 15:01:12.000000,pt
latina1400,1,176,11,2009-09-05 01:16:32.000000,en
cink_nice,0,139,6,2010-01-16 06:35:53.000000,en
northwind1984,0,213,11,2012-08-04 23:42:19.000000,ko
14Sara1994,4,1128,40,2011-12-26 21:46:31.000000,pl
MemeBoo24,2,1207,44,2011-06-18 00:56:20.000000,en
trubogan,3,757,41,2011-09-07 20:09:54.000000,en
nicoleGBATL,25,1570,41,2010-12-18 19:31:09.000000,en
HECTORELLA,1,772,26,2012-02-06 10:59:38.000000,es
dicovt,2,1125,29,2011-08-05 17:45:43.000000,pt
letgo820,2,121,105,2008-06-26 10:29:37.000000,en
pcfist,1,240,3,2011-05-02 20:13:42.000000,en
JaidaG6,4,1232,43,2015-07-28 02:23:49.000000,en
martinmilla2002,1,192,10,2011-08-14 02:05:40.000000,en
skertou7e,4,1292,40,2014-02-18 01:01:25.000000,en
AlishanKirsty,2,144,8,2009-07-06 14:36:34.000000,en
carlose68598703,2,1321,103,2012-03-12 20:10:15.000000,es
chazmidd90,96,311,355,2011-11-02 10:26:51.000000,en
itachi714,6,1203,72,2012-08-07 16:43:14.000000,el
ylyg,2,132,12,2010-03-16 23:43:39.000000,en
AlessioTresoldi,6,1498,74,2011-06-12 11:43:10.000000,it
bleskin5,3,1288,70,2010-03-15 20:37:44.000000,en
MarcioMonteiro8,1,1403,87,2011-09-17 23:38:22.000000,pt
emweela,0,221,9,2009-05-04 16:32:34.000000,en
scar2491,11,1246,44,2016-04-07 13:31:20.000000,en
jordanaefarias,10,261,9,2009-11-23 10:21:47.000000,en
Kay_Bearluvsyou,2,338,16,2010-10-10 03:07:33.000000,en
yava1213711,1,380,7,2009-11-27 15:33:01.000000,en
deepaksangwan18,0,171,7,2012-12-04 14:45:47.000000,en
kxlzc,1,201,16,2013-06-30 09:56:47.000000,zh-cn
charlottekersh2,0,147,6,2016-02-06 19:15:48.000000,en
fraan__ar,4,237,8,2009-08-30 13:38:05.000000,en
Ihdra_paramoRe_,5,1520,11,2010-11-23 03:48:50.000000,en
myfairqueen,14,1258,28,2009-10-10 20:25:02.000000,en
vireyska,2,102,7,2011-01-27 14:54:00.000000,en
gnarbynature,3,1311,57,2012-02-01 05:32:23.000000,en
SierraTeigan,0,153,9,2015-08-05 15:24:14.000000,en
slow_n_low,0,734,21,2011-08-25 00:55:05.000000,en
kirsten1869,5,3103,77,2011-11-09 02:11:21.000000,en
MounirBettahar,2,1285,73,2013-06-06 14:12:21.000000,fr
Iloveyou2bitz,1,132,8,2011-03-21 20:14:31.000000,en
joe_omar,4,782,25,2010-07-04 18:11:19.000000,en
ahiru15409893,0,1036,56,2013-07-16 15:55:21.000000,ja
jenniisaza,0,61,3,2011-04-24 03:57:15.000000,es
RlotteCha,2,901,45,2012-06-13 17:24:04.000000,fr
MinaHany2002,1,294,6,2013-08-26 00:15:52.000000,en
emmaborja,0,175,9,2011-02-11 04:33:23.000000,es
Babygemk,0,228,16,2011-03-22 06:17:21.000000,en
yammerhammer13,2,1303,57,2013-09-20 04:57:38.000000,en
RebeccaJannie,0,229,13,2012-03-01 15:20:42.000000,de
MuffyPark,1,757,19,2014-03-18 05:14:50.000000,en
alvarez_alisson,1,1459,8,2014-03-19 20:35:50.000000,en
stefosau79,3,1818,118,2013-11-21 11:40:01.000000,el
dyah51712944,0,200,10,2012-07-21 09:17:50.000000,en
TezoroMontes,0,350,21,2011-12-09 01:19:41.000000,en
sharon452010,1,926,23,2010-06-09 11:05:14.000000,en
gio_berni,16,1267,64,2012-03-29 13:19:53.000000,it
Timmaaayyyy,7,702,57,2010-10-10 14:54:18.000000,en
LeatocPizza,3,1027,46,2013-09-16 23:15:11.000000,en
gregory67892957,8,1272,29,2012-05-26 20:31:10.000000,en
leebcooper,6,1600,18,2014-03-11 04:00:30.000000,en
AnaaisLo,5,1741,61,2012-09-18 09:27:35.000000,fr
Bad_SchnuffL,0,244,20,2011-12-25 07:38:57.000000,de
Mahexa,12,1995,46,2011-01-29 05:23:13.000000,en
Roseteacher25,1,241,11,2011-01-14 06:41:52.000000,en
ahmedabdalslam6,6,1739,150,2012-10-22 17:46:49.000000,en
BurkeKevon,2,1326,63,2013-02-14 15:07:14.000000,en
frikies,5,1350,33,2010-03-29 14:22:26.000000,it
lanang_seri,12,813,14,2015-01-06 04:41:53.000000,en
imablackpedo,7,407,14,2009-09-29 05:40:36.000000,en
Bigbayb_dean,4,946,51,2011-08-27 20:52:59.000000,en
fang_daka,2,1148,45,2012-04-02 18:58:29.000000,th
escart6,0,118,10,2011-09-01 12:44:33.000000,en
nicholasszaboam,11,795,37,2011-04-29 11:29:41.000000,pt
lindaben6,0,1321,10,2013-10-04 19:35:16.000000,en
Quang1113,2,191,14,2011-11-23 22:48:41.000000,en
misscheer123,5,1155,32,2009-12-02 22:44:47.000000,en
bennyyuniorbafa,0,503,36,2013-10-08 07:35:21.000000,en
sabrina73530102,5,752,36,2013-02-14 23:38:17.000000,pt
PepeCorujo,4,194,8,2016-04-13 16:20:25.000000,es
PC1164,10,1415,35,2014-11-29 21:56:03.000000,en
karenrodsuk,6,359,19,2009-04-23 19:40:25.000000,en
MKultra333,0,176,13,2010-09-30 20:20:19.000000,en
octaviofil,0,195,12,2013-02-05 17:02:36.000000,es
RioPatt,5,164,12,2013-10-14 09:45:38.000000,en
Akbarlintang3,6,1418,42,2014-04-04 17:56:26.000000,en
SylwiaBlondyna,2,362,20,2012-07-23 10:24:53.000000,pl
hoikbenmarielle,1,247,28,2009-04-08 10:51:10.000000,en
mustafa_3li,10,1191,25,2010-12-28 20:34:57.000000,en
jamisson20,1,195,5,2011-06-22 18:50:32.000000,pt
croncraptytyty,6,1863,30,2009-10-14 23:04:52.000000,en
xixibreton,2,1878,70,2011-05-26 20:10:41.000000,fr
bobmartin123,0,61,3,2011-01-09 22:40:11.000000,en
AlexisMeier,7,1848,45,2011-12-31 00:01:27.000000,en
Emiilyrosex,1,139,6,2010-11-10 21:40:45.000000,en
EsAbAbyGiGGLEz,5,1527,69,2010-05-21 14:17:15.000000,en
kantinan_p,6,134,12,2009-08-11 13:56:11.000000,en
prettyfrmcali,4,1294,77,2011-08-16 22:15:20.000000,en
flaydji,6,1753,62,2010-10-17 22:50:02.000000,en
shasuke44,3,243,16,2013-09-07 11:56:22.000000,en
wmxgack,0,98,7,2010-06-15 01:24:34.000000,en
mabloka,5,746,18,2009-06-20 21:39:36.000000,en
NiveaCLR,3,365,10,2011-04-27 00:56:14.000000,en
mauriciocontent,6,1779,21,2010-10-04 21:47:07.000000,es
nestor_mia,14,88,4,2011-03-13 22:22:12.000000,es
cybowiczd,0,199,20,2013-04-06 12:55:05.000000,en
Alvin13901183,0,136,5,2014-02-28 07:53:45.000000,en
SwErV8o4,43,2226,121,2011-09-28 02:21:58.000000,en
zetarobinson5,47,708,152,2010-10-26 13:56:39.000000,en
SimplexXx9,0,327,6,2011-03-21 08:16:48.000000,en
shivaburman,0,207,12,2012-03-12 12:49:26.000000,en
Terekhost,5,2230,40,2011-10-29 10:37:25.000000,en
chanellylee,3,282,9,2015-03-11 23:35:27.000000,en
NickHou,18,346,254,2009-09-15 13:25:58.000000,en
WazzaMatt,5,1439,17,2012-01-06 21:38:51.000000,en
ghilspeak,174,1070,3250,2009-08-01 13:08:12.000000,en
Spencer_Baird4,98,339,31,2012-02-13 03:15:52.000000,en
rociozavala1942,6,1286,55,2011-06-02 01:57:52.000000,es
ederpupo,8,1958,92,2011-12-06 04:20:38.000000,pt
stephengathu,1,1210,6,2011-01-03 14:57:27.000000,en
mirdvalqinami,1,1339,48,2015-06-05 10:17:58.000000,en
BieeberMYBallss,1,172,12,2011-07-17 18:09:06.000000,en
dasjdhkjdhh,4,1544,66,2012-05-25 14:05:23.000000,en
Xo4arivlE,2,455,14,2011-02-16 17:11:21.000000,en
7ocamber,0,146,9,2011-04-01 23:19:34.000000,en
ErenashleyAsl,3,94,5,2013-10-01 20:56:32.000000,en
Ismaderck,0,110,6,2011-10-17 00:33:24.000000,es
LIEVRESandrine,0,59,4,2012-08-29 16:47:07.000000,fr
heatherbug1986,10,694,19,2011-02-28 17:45:21.000000,en
luisvazquez89,2,1632,65,2012-01-10 18:23:57.000000,en
25kaiwa,3,390,22,2011-03-20 18:18:57.000000,en
ronnyw87,0,198,4,2016-01-10 23:00:21.000000,en
takupin1977,5,1306,37,2011-03-25 17:12:41.000000,en
le_optimiste,0,269,9,2011-02-24 10:26:38.000000,en
tibianodoido,1,195,36,2011-01-16 23:07:45.000000,en
Andratjhin,19,361,44,2011-03-12 02:49:35.000000,en
nsps1232000,1,375,7,2012-07-31 01:25:03.000000,zh-tw
edogg808,0,145,12,2013-05-18 22:50:27.000000,en
periperikurohu1,1,1347,774,2015-01-04 20:58:35.000000,ja
545545545,2,1145,47,2011-11-04 04:50:11.000000,en
Amso59,0,120,6,2014-06-22 18:48:40.000000,sv
a_stogi,6,1946,70,2012-01-06 19:40:43.000000,en
houssi2012,3,1410,58,2011-07-30 23:13:42.000000,en
sassylas,0,393,10,2009-03-18 16:18:38.000000,en
jr51315,1,162,10,2011-09-24 03:23:40.000000,zh-tw
asofhaspfohaop,7,1635,65,2012-07-31 21:59:42.000000,en
bibalva,0,306,20,2011-02-22 12:13:25.000000,es
_Maxsc,1,72,3,2012-01-25 17:52:07.000000,pt
oTyIerHD,2,102,9,2015-02-25 16:08:40.000000,en
AnaIngrid11,11,746,30,2011-01-07 20:57:24.000000,en
ycsjp88,3,1199,36,2011-07-20 03:50:08.000000,en
laurenofmalta,1,62,4,2010-09-08 03:23:36.000000,en
Anyszes,7,1579,81,2010-09-18 11:19:05.000000,en
LaiurySilva,27,2797,70,2011-08-23 15:41:49.000000,pt
BiancoCavalcant,72,2722,118,2009-08-13 20:30:27.000000,pt
nurulhuda51,20,867,18,2011-06-25 09:35:26.000000,en
brunaamorimmm,0,78,4,2009-09-16 00:14:21.000000,en
vakoveverka,3,1713,64,2010-10-27 23:04:48.000000,en
Piv11O,6,119,7,2012-04-20 22:21:10.000000,ar
SHiThAPPENSz,3,200,9,2009-06-11 23:42:15.000000,en
fleurymelanie1,4,1382,76,2012-07-11 21:21:35.000000,fr
thonee,121,993,6097,2008-09-09 03:46:15.000000,en
riedha_kyu,3,345,18,2013-09-25 05:12:01.000000,en
kylewood11,1,284,19,2011-03-28 20:02:26.000000,en
VitoGenoveses,36,481,81,2015-03-05 17:54:29.000000,en
siopeer,3,1491,44,2012-03-25 17:27:53.000000,es
krongkamol,1,58,5,2011-01-29 11:59:36.000000,en
EtchaStyle,4,385,29,2011-12-31 06:24:56.000000,en
kelly_heller,11,353,16,2011-09-08 17:27:23.000000,en
BellaDoll23,0,398,19,2011-02-14 10:29:59.000000,en
_hunterslife5,7,1376,33,2014-12-23 05:16:13.000000,en
angelomoreno1,2,136,4,2010-09-30 02:30:17.000000,es
5fdpD,12,1148,27,2011-07-13 06:09:05.000000,en
BrunoConker,7,2735,81,2013-10-21 16:30:14.000000,en
powerpuff_sita,5,143,4,2011-09-27 02:16:16.000000,en
Cynthiawun,17,318,81,2009-11-17 14:38:49.000000,en
ElenaPreda82,1,214,6,2012-01-07 14:04:07.000000,en
4uShah,2,157,29,2011-11-30 13:06:26.000000,en
cubsyes,2,781,22,2010-11-25 19:14:40.000000,en
Haileytin,0,202,6,2011-06-10 17:02:07.000000,en
Bchbum258,4,728,26,2012-11-15 15:04:40.000000,en
2929004,2,1318,7,2012-01-06 19:43:36.000000,en
mintoeko,4,422,15,2012-04-12 15:59:17.000000,en
soza19,0,216,12,2011-08-26 21:00:31.000000,es
alarkam01,4,1576,80,2013-04-20 17:39:48.000000,fr
kopcsak,0,60,3,2011-09-08 09:27:11.000000,en
cres_i,1,1707,69,2014-11-09 19:28:06.000000,en
kasimiidriss,1,1615,51,2012-01-02 18:26:05.000000,fr
DevYeoh,0,137,11,2012-06-05 00:46:41.000000,en
fitzgerall,7,1076,59,2011-06-05 04:19:09.000000,es
wisabda,1,164,7,2015-02-09 22:14:19.000000,en
tkarmiati,0,146,10,2012-11-08 01:58:05.000000,id
sydneygirl83,2,626,17,2010-11-30 07:51:35.000000,de
gaarayu,6,1899,13,2012-02-14 04:44:19.000000,zh-cn
ZulemaCarrasco,1,345,10,2011-01-26 00:37:59.000000,es
ImbabyElephant,0,443,38,2011-06-06 14:34:49.000000,en
palmer_229,2,1270,57,2015-06-29 17:01:41.000000,en
Darkhomr,32,1495,298,2009-09-17 06:42:17.000000,en
cattyxd,3,68,8,2010-09-19 19:56:23.000000,en
YoussefEzzahri,6,1322,73,2012-09-16 20:22:31.000000,fr
mahains,13,358,9,2009-03-22 07:48:58.000000,en
kicopiktt,3,1343,76,2013-04-09 03:22:04.000000,ja
edrickibasco,4,1338,65,2011-05-01 14:46:54.000000,en
LesliePaton,0,111,6,2014-06-07 04:54:15.000000,en
fabiola_copello,8,332,66,2009-09-23 14:35:38.000000,en
mzkendricks,0,188,9,2011-06-11 05:26:06.000000,en
samuriacom1,5,2246,48,2010-12-18 11:24:48.000000,es
mariagavia,0,358,13,2012-05-11 02:33:14.000000,en
sintalia2,1,494,12,2012-03-13 13:48:33.000000,en
manimani108,3,1177,52,2010-05-12 08:35:20.000000,ja
GignacSteven,0,63,5,2012-08-24 04:52:55.000000,en
ronfp,2,92,3,2010-10-20 01:10:09.000000,en
yusufilter50,3,1166,31,2012-08-18 08:50:07.000000,en
xenxiebradafeli,3,1358,50,2012-09-03 05:30:04.000000,fil
bernagunawan,0,115,11,2013-06-14 16:53:51.000000,en
sameersandhu,0,448,26,2011-03-10 21:18:04.000000,en
Andrew48760999,6,1415,74,2013-06-02 20:29:34.000000,en
V3raLingGaTbN,2,111,5,2011-10-14 14:06:02.000000,en
tayBx,0,187,12,2010-10-20 13:39:23.000000,en
paulocezargomes,3,968,41,2010-11-28 23:07:34.000000,en
deltagoku,0,189,9,2012-05-09 06:36:24.000000,en
fadi68903534,3,1723,16,2012-09-14 17:50:48.000000,en
sumgirl98,0,64,7,2010-02-04 02:48:10.000000,en
f26412,7,1572,89,2013-12-01 15:24:48.000000,zh-tw
sahbouche,3,111,4,2010-02-20 11:29:29.000000,fr
butterfly_bt,4,1595,16,2011-12-06 03:38:31.000000,ja
moouradio,6,1305,50,2011-03-24 09:58:47.000000,fr
siti074,0,245,11,2013-08-03 22:46:57.000000,en
SergeantTownsen,6,1383,62,2011-09-27 13:17:55.000000,en
peymansadr,0,74,9,2010-10-03 09:00:46.000000,en
stiiti,0,202,12,2010-10-02 18:12:50.000000,fr
Jbeear,0,255,12,2009-12-22 15:50:02.000000,en
Andreitachikist,25,266,20,2009-12-31 06:50:00.000000,en
mohamohamed48,6,136,7,2011-02-14 10:27:30.000000,fr
MonsterRawrz,0,157,3,2011-03-24 23:54:45.000000,en
FrozenXMemories,1,123,6,2010-01-31 23:39:03.000000,en
skkorpuss,2,941,43,2011-01-12 21:37:41.000000,fr
sanch2225,0,64,3,2011-08-06 17:46:33.000000,en
FloridaMom101,4,67,4,2009-05-30 23:28:05.000000,en
MHoseany,1,204,12,2013-09-28 14:06:25.000000,en
case600,5,1793,59,2011-01-01 00:26:59.000000,en
trueman_paul,3,429,23,2012-03-12 21:08:47.000000,en
Emily_Johnson91,73,1875,53,2010-03-31 17:06:32.000000,en
marygreen511,2,1069,68,2011-01-20 11:27:43.000000,en
JamesMan69,0,184,14,2011-08-13 23:56:56.000000,en
chinnab07,2,1211,52,2011-05-01 06:09:53.000000,en
weruninka15,0,126,29,2011-09-11 16:15:36.000000,en
roycalifornia,1,65,4,2011-10-06 06:10:12.000000,en
karleah_allan6,4,653,44,2012-04-18 07:28:19.000000,en
mosozofay,1,103,4,2011-08-17 13:58:15.000000,fr
emmamaclean,3,362,8,2009-03-13 03:57:27.000000,en
Shazzamac1970,2,1399,59,2012-05-07 13:26:16.000000,en
OlaPiasecka,0,159,8,2011-06-03 13:04:38.000000,en
manu_pasa,53,778,186,2010-08-20 00:00:56.000000,en
lackysants,0,160,8,2013-09-22 21:21:00.000000,ru
hardypurwalim,256,583,17613,2010-01-02 08:11:52.000000,en
zttck_vortex,1,1574,98,2010-11-11 00:46:15.000000,es
roniefaclark,5,1675,17,2012-11-24 02:58:07.000000,en
oremor_1985,9,552,32,2013-10-04 11:44:29.000000,en
NikoletaVolf,4,1400,152,2013-09-26 17:54:51.000000,ru
juliogonzalezth,1,1597,49,2010-11-28 01:42:48.000000,es
doryibay,3,88,14,2010-11-01 21:45:28.000000,en
Ashley_badger,1,811,29,2011-07-20 18:10:19.000000,en
GordyByrd,4,1153,44,2010-09-10 02:18:18.000000,en
suhaimi22,0,84,3,2011-02-11 16:07:01.000000,en
eipod01,9,1458,71,2010-10-01 10:30:48.000000,en
5196916735,5,1547,15,2011-09-01 05:19:25.000000,en
Mels1715,2,131,16,2013-03-30 05:53:51.000000,en
SammyKim3,1,157,12,2011-10-10 17:51:56.000000,en
IaskoTivadar,3,1457,14,2012-08-30 07:58:42.000000,hu
promiseben,6,532,18,2011-05-04 15:21:19.000000,en
FaraSustento,1,1064,63,2011-09-27 20:53:31.000000,en
Kkeeganbrown,5,3427,27,2011-12-11 15:19:06.000000,en
petergriffin355,4,681,30,2014-03-08 17:34:19.000000,pt
yassinooos,36,1352,59,2011-01-06 02:06:15.000000,fr
christophergar7,0,419,8,2011-06-21 19:14:17.000000,en
shantalkumaran,6,1855,101,2012-10-11 09:50:53.000000,en
sekimouth18,2,1454,26,2010-06-28 12:45:15.000000,ja
pandufaj2908,3,175,12,2011-05-27 06:45:10.000000,en
Maritsa84897569,2,976,38,2013-07-04 13:32:46.000000,en
donnapuckett15,3,1110,40,2014-09-30 18:35:21.000000,en
dino_raw123,3,1306,59,2011-08-23 00:05:55.000000,en
CYahya31,3,1107,46,2011-06-20 09:31:28.000000,en
OSGIGA_real,0,615,27,2016-07-06 19:28:41.000000,de
rajnigu59871537,0,153,6,2014-04-18 12:49:32.000000,en
sairasrk,0,126,7,2014-04-29 13:47:48.000000,en
jouldarani,2,215,12,2012-12-30 08:55:40.000000,en
LenkaBrendisek,1,259,15,2012-02-10 18:20:13.000000,en
TarteuRazvan,6,2477,62,2012-04-28 17:50:22.000000,en
maakh1974,0,81,6,2013-09-05 09:55:55.000000,en
Noob00,8,1304,70,2009-02-24 02:54:18.000000,en
MarionDusseaux,5,723,25,2016-01-18 10:49:18.000000,fr
l33532535,4,1886,86,2014-10-16 00:32:09.000000,zh-CN
boedhie75,4,355,13,2013-10-24 22:10:35.000000,en
cajunqueen11,2,405,23,2009-07-15 17:15:03.000000,en
jaylin_davidson,2,740,25,2012-12-10 23:30:39.000000,en
valescavitoria1,0,107,15,2011-09-26 18:26:10.000000,pt
CherryNeopets,0,342,18,2011-11-27 13:27:17.000000,pt
blubberbody,12,1746,77,2009-06-27 14:05:54.000000,en
azaz1118,0,219,11,2011-10-13 10:17:53.000000,ko
HeatherMccarro1,0,406,20,2011-12-28 22:17:31.000000,en
spadetx,5,674,25,2011-01-11 02:14:22.000000,en
fhleea,4,282,3,2012-01-17 07:08:29.000000,en
isnimeisya,1483,1242,21322,2009-06-08 14:12:02.000000,en
uio4588,22,3238,99,2013-06-02 13:22:31.000000,en
KiDDFr3SH23,2,163,11,2009-09-03 01:45:13.000000,en
BrooksZahria,10,2051,46,2012-06-03 16:57:44.000000,en
letsmailvivek,16,777,70,2014-05-16 06:54:22.000000,en
emresama,2,144,7,2010-03-04 13:50:14.000000,en
kaitlinfayetidw,5,1499,85,2012-04-13 00:36:12.000000,en
tadahiko7338,0,1566,84,2010-12-31 18:15:00.000000,ja
AussieCutie,5,1798,45,2009-05-31 01:46:20.000000,en
tina_edmonds,0,165,23,2014-05-24 12:45:56.000000,en-gb
qwwedfcv,1,152,9,2011-08-08 22:24:04.000000,en
BigG15,3,174,7,2009-05-18 23:07:04.000000,en
syafiqwahyudy,3,296,16,2013-11-19 21:13:20.000000,en
MrKangol,1,456,14,2009-05-01 23:18:19.000000,en
BibendumL,3,128,10,2014-09-01 01:44:08.000000,en
emily111x,0,60,4,2011-04-17 22:55:32.000000,en
marin_nou,0,492,20,2013-09-12 14:22:05.000000,fr
baby_vianney22,16,158,10,2010-02-10 16:53:39.000000,es
DarkMcGark,3,1775,21,2016-06-01 20:36:08.000000,en
GuyBailey6,0,83,5,2013-11-09 22:07:10.000000,en-gb
04150157,1,144,4,2010-07-01 11:54:34.000000,ja
meshomoner,2,132,13,2011-11-10 14:18:00.000000,en
GbFernando14,2,1090,35,2012-01-27 01:21:38.000000,es
Lover_boy2,2,1719,33,2010-08-17 16:23:32.000000,en
CebuPacific2012,442,429,8,2011-09-10 10:24:51.000000,en
Aline_Figueired,2,1541,56,2009-07-27 13:45:53.000000,en
GonzaTitere,2,155,6,2011-05-16 20:23:57.000000,es
NurAziraYaya,5,1449,41,2011-06-23 06:33:09.000000,en
onzo_dustman,0,1169,54,2014-06-20 06:05:06.000000,ja
3yoon_alhoob,2,196,14,2010-11-14 20:52:56.000000,en
ReSourceBeats,4,499,15,2013-05-22 18:06:10.000000,en
152004Alejo,0,104,8,2015-09-28 15:18:31.000000,es
Ssunny88623,2,347,13,2011-07-18 04:00:57.000000,ko
SteinmetzClara,4,121,12,2011-10-18 10:10:21.000000,de
charlottenoordz,3,1307,48,2012-11-19 09:55:17.000000,nl
ElisabethDvorak,0,145,10,2011-10-11 21:35:23.000000,en
IchLiebDich2,1,1530,52,2012-03-17 08:44:57.000000,de
hope_wang,2,190,15,2009-08-23 15:19:34.000000,en
ShahedA02118196,2,1296,31,2012-11-03 18:48:59.000000,en
AskhaarY,6,1098,13,2014-11-08 12:12:19.000000,en-gb
annamarkos,0,75,7,2010-11-28 10:49:33.000000,en
jamieking20,5,1606,15,2012-03-20 22:28:30.000000,en
SANDRA14684,2,1118,47,2010-12-25 14:30:14.000000,en
GiuLady,2,152,27,2010-10-06 16:45:24.000000,en
katymora22,0,174,15,2011-03-17 17:39:37.000000,es
cindysteven2001,3,1304,64,2011-04-27 19:46:34.000000,fr
NuralievHalim,1,298,8,2014-06-14 21:18:09.000000,en
ginaluster,3,1594,78,2011-08-23 03:40:57.000000,en
RubenFe06858623,1,587,31,2014-03-13 21:48:39.000000,de
fabianofalbo,10,394,18,2011-01-17 22:26:52.000000,en
CatherineGauthi,2,258,11,2011-08-23 23:00:14.000000,fr
M_A_C_C,4,253,9,2009-05-05 11:42:44.000000,en
KHORSHEDRASUL,2,1499,58,2013-04-18 10:50:22.000000,fa
LamondYah,6,1491,62,2012-04-12 21:25:44.000000,en
nkule34814391,6,1029,56,2013-07-11 22:26:29.000000,en
xo0neamorexo,15,2296,86,2009-06-17 21:00:15.000000,en
randome90210,0,63,8,2012-07-22 04:54:28.000000,en
ysagi63,2,263,12,2010-06-08 04:12:18.000000,ko
neil121212,8,1083,55,2011-09-30 09:03:28.000000,en
ponstad51,9,873,30,2012-08-29 02:41:55.000000,en
KimKyoungEun,20,1853,42,2010-01-17 11:36:28.000000,en
Sweetlady341976,0,77,4,2011-10-04 17:54:33.000000,en
nuna_2008,1,174,4,2012-06-23 14:06:00.000000,en
sklee481,0,189,10,2014-02-16 04:23:35.000000,en
veles_j,8,460,19,2012-12-11 01:57:05.000000,en
F3rl1nFerlin,0,198,7,2012-08-12 18:22:32.000000,en
Girlbal69,5,1582,79,2014-12-07 20:33:31.000000,fr
gemmie1990,8,1078,54,2009-05-06 19:38:27.000000,en
Camila270800408,1,137,6,2015-09-24 23:08:52.000000,es
VMcEvoy1,7,1619,90,2011-11-27 21:59:22.000000,en
SBowman03,5,156,3,2013-02-08 03:13:14.000000,en
RamseyDanyel,2,1152,55,2013-11-09 23:01:49.000000,en
iamkeshiee,3,1128,463,2013-10-15 17:43:56.000000,en
Thakydct,5,121,8,2011-01-29 03:05:57.000000,en
deathjhake,1,476,17,2013-02-02 05:53:10.000000,en
felipeadolar,2,311,10,2009-12-12 19:21:46.000000,en
RickySavage7,2,1435,56,2014-04-02 18:34:46.000000,en
LEE_dasom,9,312,46,2010-10-28 06:00:49.000000,en
Igor_Perepelov,5,1386,80,2011-01-13 20:30:01.000000,en
McOlmuyoMu,0,178,8,2015-09-04 13:18:57.000000,tr
ImColala,38,797,71,2011-02-19 05:51:06.000000,en
orbendriam,1,635,14,2011-01-08 22:04:02.000000,en
manmagon,20,1917,19,2010-04-16 04:03:45.000000,ja
M0fuck3r,4,1430,52,2009-03-13 11:51:37.000000,en
maddisonjanice,0,117,7,2010-01-19 22:59:47.000000,en
doi42,10,1778,33,2012-01-24 06:12:04.000000,ja
qwertiup,0,226,10,2010-12-04 23:07:34.000000,es
_0132193078533,3,1424,60,2012-03-19 15:50:09.000000,ru
JesusAvila19,1,108,7,2011-09-07 01:28:44.000000,es
ze_kky,4,1901,19,2009-06-22 06:02:59.000000,ja
5150gutta,0,80,6,2011-02-06 06:50:48.000000,en
maree6684,3,685,11,2011-03-11 14:44:58.000000,en
Dksol1,4,1516,35,2014-05-12 03:41:27.000000,en
GraziGianinni,7,1242,26,2013-02-17 02:32:37.000000,pt
eminuhh,39,364,72,2011-10-22 06:42:25.000000,en
015ofo,7,1557,47,2011-11-29 21:16:37.000000,en
Joanna884,0,80,5,2011-05-02 16:50:44.000000,en
Guttrhed,5,228,8,2009-06-24 17:37:43.000000,en
dheedick,3,1142,58,2011-12-01 23:09:54.000000,en
Shilpa259,2,1184,36,2011-11-26 09:18:42.000000,en
DMdsanto,0,215,14,2016-06-07 08:02:38.000000,en
TiahRaposa,58,385,688,2015-12-29 18:21:28.000000,pt
Adeliapuspa,300,470,15328,2009-08-13 13:05:40.000000,en
francosaudecity,1,195,14,2009-10-14 18:17:36.000000,en
dariean_pierce,3,1508,11,2014-07-07 22:39:27.000000,en
lololzi,0,64,6,2011-01-27 14:35:15.000000,en
SusanMorris11,7,1281,152,2011-09-28 21:57:17.000000,en
Johnny68689,0,140,11,2015-04-07 12:04:33.000000,en
tanjosh04,0,116,14,2012-09-19 12:08:17.000000,en
drseuss1318,3,172,12,2009-09-24 01:29:42.000000,en
jaaati,10,313,12,2009-06-21 15:08:17.000000,en
neiladamstr6,1,333,27,2013-02-27 18:24:40.000000,en
SaekoMario,5,1565,27,2015-05-25 08:06:17.000000,es
miegieabregana,8,2158,42,2012-07-20 05:55:26.000000,en
HardMetallero,0,155,9,2010-05-14 20:31:44.000000,es
berogamal,1,181,8,2010-08-31 21:04:26.000000,en
simasima0731,0,1829,49,2012-03-05 01:44:14.000000,ja
lesleytowse,4,1032,50,2011-09-28 21:35:33.000000,en
AsianDelightz,5,1294,39,2010-05-28 23:47:16.000000,en
achampagney,0,102,5,2011-04-22 12:59:01.000000,en
MarcusSigh,17,183,18,2009-03-07 21:07:46.000000,en
Cacciutti,3,1313,51,2011-03-10 18:15:33.000000,en
vale1mesi,2,366,13,2012-11-22 21:10:00.000000,en
melikepig,1,369,20,2013-01-08 13:39:30.000000,id
firstkana,2,1457,60,2011-08-24 00:45:23.000000,en
kawaii_jin,3,369,102,2010-07-06 11:52:01.000000,en
dowdow23,2,807,30,2009-07-30 00:00:29.000000,en
etika_cute,0,261,29,2013-07-22 06:53:55.000000,en
juancruzmartin6,1,178,12,2012-01-11 00:39:15.000000,es
isi60isi60,3,1328,82,2010-08-25 03:26:05.000000,ja
leoshero,5,1290,57,2012-07-11 21:17:07.000000,en
adrian_mck10,2,1440,14,2014-07-09 00:17:03.000000,en
zedie91,6,566,30,2011-02-09 00:29:31.000000,en
PrinceYamashima,8,2729,69,2011-11-16 15:09:21.000000,ko
AgnieszkaCielik,3,1500,95,2011-12-22 14:08:14.000000,pl
miosen_10,0,73,7,2011-01-09 11:55:11.000000,en
sweetgirljane,10,983,13,2010-06-11 13:53:36.000000,en
sriAgung_w,4,330,15,2011-05-30 08:30:37.000000,en
marwasallam6,3,164,12,2013-08-08 07:06:57.000000,ar
ALEXISjOintz,2,1721,34,2009-09-28 04:45:34.000000,en
traeeagle,59,2203,138,2012-01-17 15:36:10.000000,en
Killahniggah,1,343,28,2009-04-16 00:38:35.000000,en
Maeonequeen,7,218,9,2011-01-13 08:27:06.000000,en
Laura1336,4,1149,58,2011-04-23 03:49:29.000000,en
mariachrs,25,405,23,2012-08-09 04:19:00.000000,en
GMansuka,1,233,22,2016-03-09 20:37:27.000000,en
viviskarlat,58,326,144,2011-06-30 23:26:53.000000,pt
EstellaaMartina,5,1789,62,2012-01-13 16:28:42.000000,fr
donnalouise65,0,185,12,2013-09-14 07:32:02.000000,en-gb
RubyRed3248,1,199,25,2012-01-26 18:34:24.000000,en
elreydauri09,4,1084,36,2013-02-03 21:28:02.000000,es
wisenigga,3,382,20,2011-03-14 20:34:50.000000,en
Bxblackx,6,1260,63,2010-09-14 18:55:20.000000,en
lewishollands,5,219,17,2012-07-01 13:57:03.000000,en
stcrybaby,1,171,28,2012-11-16 07:27:16.000000,id
SamHobeyn,1,104,14,2011-09-24 17:46:38.000000,en
tomkent198,10,440,13,2013-08-09 22:25:51.000000,zh-CN
alinaaly1,2,765,39,2011-08-10 10:22:22.000000,fr
qwefrsd,1,748,21,2013-04-14 02:15:41.000000,fil
HereWeGk,2,1034,46,2010-11-12 23:36:52.000000,en
svendsenpoul1,0,90,8,2016-01-01 16:31:52.000000,en
MikeVenom,0,70,9,2012-07-07 22:07:14.000000,fr
yulheeww,2,158,12,2010-09-01 01:07:07.000000,en
gizmoabm,5,1555,59,2012-03-06 17:47:43.000000,en
LukeTinkz86,0,172,12,2015-11-20 16:45:23.000000,en
kawawa218,0,1561,69,2010-07-19 13:22:04.000000,en
francispraha,2,739,36,2012-05-23 23:41:20.000000,en
ayepea99,1,215,16,2009-11-16 08:10:27.000000,en
yuzuarashi,0,123,13,2010-04-04 07:18:42.000000,ja
ndaburju,1,189,13,2011-02-10 07:41:20.000000,en
DSasoni,4,1420,57,2014-08-25 20:38:57.000000,he
76546,2,1249,38,2011-09-15 07:47:54.000000,en
muga_,12,1862,19,2009-06-07 18:55:13.000000,en
syouda_yo,2,1052,101,2014-10-21 08:24:47.000000,ja
MohWoonLiang,0,124,9,2012-06-14 07:44:50.000000,en
Thatsqueenkaila,9,512,13,2015-12-26 05:45:17.000000,en
kratoz46,2,88,7,2011-02-19 18:01:04.000000,en
ikomangsuwirta,0,221,16,2012-03-09 11:58:53.000000,en
bartek825,0,71,10,2012-01-16 15:02:36.000000,pl
Gabriel_H_Corvo,0,223,16,2014-12-30 17:55:13.000000,pt
peng1002,0,142,10,2012-03-31 13:32:33.000000,zh-cn
tirorojo2011,2,1635,79,2012-02-08 09:58:09.000000,es
isacsanchez2,6,1250,43,2011-11-10 19:35:17.000000,en
yakson_com,31,793,24,2014-03-30 19:17:57.000000,en
toki444,8,155,768,2009-09-04 15:17:42.000000,en
auliyahashoy,1,366,20,2010-02-21 15:37:10.000000,en
gusevakatenka,4,1127,79,2014-03-22 12:01:55.000000,ru
robert445566112,5,1483,71,2013-11-06 10:43:40.000000,fr
sharon3234,8,1594,50,2012-04-10 22:18:08.000000,en
sweetmck,3,116,13,2010-07-30 16:41:14.000000,en
rfries11,13,356,32,2011-12-24 00:48:15.000000,en
katebennison1,24,2415,65,2012-05-29 12:32:16.000000,en
7777Leo7777,3,1423,53,2010-05-13 01:02:51.000000,es
BootsStraps,0,1169,48,2010-12-17 22:14:48.000000,en
sad_eyeso0o,2,161,11,2012-08-01 05:50:14.000000,en
_dhelaaaa,3,414,17,2013-01-11 07:17:16.000000,id
michal708,2,835,30,2015-03-31 20:13:54.000000,en
rebecca_baurto,0,207,19,2014-02-23 22:53:25.000000,en
YunJi__Lee,12,1726,78,2010-08-03 16:27:01.000000,en
IreneIlisine,2,275,25,2012-05-08 05:21:03.000000,en
lanagreshan,7,1226,84,2008-10-24 19:27:58.000000,en
miriamjoz,0,65,7,2011-01-22 17:14:54.000000,fr
ratna_bahar,0,164,11,2011-07-21 03:34:54.000000,en
elk928,4,321,17,2009-03-22 02:30:19.000000,en
_victordelicia,8,777,70,2012-01-27 07:25:32.000000,pt
cleakewilson,26,167,13,2012-12-08 18:06:18.000000,en
hanisssaj,3,1462,64,2016-09-01 01:59:27.000000,en
TRip_Boy,6,2041,101,2010-05-02 12:01:06.000000,en
QWERTDaily,49,905,55,2014-09-03 09:55:15.000000,en
villena_carlos,5,1599,33,2012-08-21 16:23:24.000000,en
ashishSikarwar6,0,162,9,2013-11-22 09:17:02.000000,en
jubro58,1,1897,101,2013-02-18 22:10:55.000000,fr
SangreGTF,37,1293,925,2009-04-30 04:21:55.000000,en
lorenac07300875,0,187,10,2015-07-20 00:23:27.000000,en
lwangabasudde,4,66,11,2010-03-15 12:12:44.000000,en
megoo1973,6,1521,16,2013-09-25 18:10:38.000000,en
wattyuaname,1,1296,44,2011-12-01 09:38:03.000000,ja
MS_BARAN1,0,188,11,2015-01-15 01:58:26.000000,en
CandelMundo,31,1134,36,2010-11-08 19:00:17.000000,es
PrzemyslawU,5,1867,64,2013-01-26 03:41:29.000000,en
Kafocolo,2,1173,52,2012-10-06 06:58:36.000000,pt
CharlieR4R,17,477,15,2014-10-28 16:42:49.000000,en-gb
MaMuseShop,0,63,13,2011-06-06 09:52:54.000000,en
cullen1342,6,212,16,2009-05-10 15:40:52.000000,en
loren252001,1,278,20,2010-05-10 23:42:36.000000,en
_ChikeN__,8,1662,116,2015-05-21 03:21:09.000000,en
na_co_naoko,0,225,14,2010-04-04 16:30:56.000000,ja
mkw6,3,1616,63,2009-11-13 01:22:56.000000,en
adelmo_luiz,1,1142,38,2011-02-11 02:02:04.000000,en
aha04501,3,1240,54,2015-04-17 12:11:23.000000,ja
coachT311,2,162,15,2011-07-29 17:52:53.000000,en
francis59060473,2,1265,64,2012-10-10 05:37:31.000000,en
sfcosty,6,1921,70,2012-03-19 20:41:24.000000,it
v_unwiindzz96,0,209,34,2014-11-27 19:20:44.000000,en
koukou0813,25,1514,42,2010-05-31 15:58:13.000000,ja
Gaby_Chang,2,112,7,2009-08-05 22:25:18.000000,en
Wickid_Rhyno,2,117,8,2011-02-02 17:31:14.000000,en
yuliraharja,3,168,17,2011-08-26 11:59:40.000000,en
scruffydog2442,5,367,12,2011-11-09 14:11:31.000000,en
titanabangun,0,131,15,2012-10-02 05:50:14.000000,en
bar_price,6,607,28,2014-07-11 15:12:04.000000,en
BYRY0712,3,360,21,2009-05-27 03:40:33.000000,en
dhikiafianto,0,138,12,2013-07-01 02:11:40.000000,en
rengga_nis,1,324,17,2012-11-19 07:52:54.000000,en
masapeul,1,631,26,2011-08-21 12:05:57.000000,it
joelirato,0,148,17,2011-11-23 09:52:30.000000,en
khurram84722986,0,112,11,2013-03-26 04:38:26.000000,en
murlinwoolum,0,90,10,2011-09-24 08:42:58.000000,en
neetha_kean,0,231,19,2011-07-23 13:39:57.000000,en
saemshams,0,123,10,2011-01-27 01:46:35.000000,en
cassiewinkys699,4,1801,62,2012-06-15 21:23:24.000000,en
Mela94Melissa,0,597,31,2015-01-19 22:58:26.000000,en
jpignone28,42,526,24,2013-06-21 00:13:43.000000,en
anni_flor,2,262,18,2011-05-19 02:37:39.000000,es
NRK_IN_THE_UK,6,1692,85,2012-05-27 09:22:27.000000,de
VTUJANYSD,0,1185,45,2009-07-05 00:59:49.000000,en
knuckysmom,2,1253,34,2013-11-10 15:52:43.000000,en
LuleRainbow,1,98,18,2011-09-14 21:16:30.000000,en
Karcia_xD,10,540,60,2010-10-02 14:21:51.000000,en
tsmgroupbiz,1,256,16,2012-06-18 20:55:38.000000,en
mariama14096484,0,68,10,2012-12-02 05:32:02.000000,en
MarkMcGuire25,4,595,28,2011-06-18 03:40:38.000000,en
boycehao0515gma,1,1418,60,2014-01-30 09:15:20.000000,en
ik8782,8,2229,29,2012-09-18 07:00:07.000000,ja
bigmike12727,42,2063,36,2014-07-04 08:30:09.000000,en
mingwangqi,2,1206,47,2010-10-13 00:45:23.000000,en
lulalina,5,643,20,2009-10-03 02:12:29.000000,en
Odeoshe,1,194,29,2011-04-21 19:24:04.000000,en
Oracle420604,5,1480,52,2009-10-29 14:22:03.000000,en
honorato84,7,1805,50,2010-10-02 01:23:23.000000,en
MegumiNakamura3,0,171,43,2014-05-11 18:03:29.000000,en
piston_h,2,1663,26,2009-12-23 16:40:00.000000,ja
KINDIAKO,1,1292,142,2010-10-17 16:57:42.000000,en
mega_juliana87,1,319,12,2012-07-11 08:58:07.000000,id
EmJayCrisp,0,130,11,2012-05-30 18:04:50.000000,en
sweetbay_bay,1,221,20,2009-04-28 00:43:15.000000,en
ScotlandBrave53,6,236,14,2015-09-23 08:32:00.000000,en
royroygeRs,3,136,15,2009-05-24 16:46:52.000000,en
DanicGreen,99,93,12,2009-03-23 13:38:44.000000,en
Charms93,15,1743,55,2010-05-30 20:45:24.000000,en
mverissimooo,0,327,21,2010-11-14 04:08:47.000000,en
marizinhabtz,1,1498,84,2009-08-20 17:48:58.000000,en
966532428335,1,421,15,2011-07-11 12:04:31.000000,en
ewe408,6,1696,118,2013-06-17 20:12:56.000000,pl
iboiboman,8,1704,18,2011-03-25 02:52:29.000000,ja
brunoalexx1,2,633,36,2013-04-23 21:32:37.000000,pt
kcuakcuawa,0,222,14,2011-01-21 17:18:48.000000,en
VHadwin,0,129,18,2013-03-24 14:38:00.000000,en
Toniko111,8,1357,69,2009-03-11 13:34:22.000000,en
mabiala7,3,1491,49,2012-04-27 18:13:00.000000,fr
misstik_,0,513,28,2010-01-06 02:12:38.000000,fr
atushi_K,3,1399,52,2010-01-14 09:27:11.000000,ja
armagesh9,0,174,13,2014-09-19 18:27:17.000000,en
maulanareza,14,179,27,2009-08-11 14:48:29.000000,en
wissamabusaleem,6,1792,18,2012-10-22 16:21:12.000000,ar
FransHelgesson,3,285,11,2011-08-14 13:36:14.000000,en
olson2294,86,625,78,2010-11-26 06:30:47.000000,en
MagyNino,1,169,10,2014-07-25 00:33:55.000000,es
Natichix,5,353,20,2011-09-01 21:28:24.000000,es
klecsi17186698,1,264,19,2011-01-18 22:41:50.000000,en
SheryLee1,1,324,26,2011-09-20 05:04:36.000000,en
lucaboncoraglio,1,402,10,2011-04-26 18:52:13.000000,it
rathore_shweta,0,268,20,2011-09-07 17:31:14.000000,en
dckmrgm,6,667,25,2014-09-23 01:46:20.000000,en
GiuGiuMom,1,178,16,2011-01-09 05:22:53.000000,en
martinecsan,3,228,27,2011-08-28 04:54:19.000000,es
ShannonJadeeW,5,601,21,2009-08-09 22:28:19.000000,en
OTAVIOABENCOADO,2,401,36,2010-08-09 23:39:14.000000,en
poprockerguy,0,184,16,2009-05-07 20:15:57.000000,en
JamesFlanders2,0,349,25,2012-05-02 21:27:04.000000,en
elen3689,1,198,14,2011-05-12 08:08:10.000000,en
nathanj79336693,7,1849,53,2013-07-11 17:25:23.000000,en
matheuskoalla,5,178,26,2010-04-24 23:29:50.000000,en
jamierabrown1,0,343,23,2014-11-26 21:45:54.000000,en
PTurkova,1,596,14,2014-03-18 21:20:47.000000,cs
ajotastorga,2,276,26,2012-03-28 02:13:21.000000,es
eabbott78,10,1349,46,2015-07-31 03:54:21.000000,en
gavuamo,2,379,30,2011-11-26 15:51:43.000000,en
Fernanda_Tavora,35,616,121,2009-08-31 01:29:49.000000,pt
hottmama0707,3,308,30,2010-10-16 22:11:55.000000,en
Gav_RT,17,1139,60,2011-07-29 06:31:35.000000,en
melivision,27,1698,112,2009-04-25 03:21:35.000000,en
AdamUrban93,0,291,17,2014-02-05 23:33:55.000000,pl
rismaram,0,306,35,2015-08-27 15:52:23.000000,th
steezyricky1,1,856,50,2013-03-16 02:52:17.000000,en
KobusMalan17,7,568,20,2011-02-17 06:26:18.000000,en
kaisamalling,0,293,23,2016-07-31 14:02:37.000000,en
Nathh_,16,543,15,2009-07-14 21:11:00.000000,en
prasadloga,2,419,33,2011-11-28 12:38:03.000000,en
chansonsdujour,1,335,21,2012-04-10 14:00:50.000000,fr
josepollman,0,324,76,2012-07-18 01:32:42.000000,es
mrmathews123,7,349,16,2014-04-29 12:17:50.000000,en
jlilplayer123,2,195,25,2012-11-07 23:10:19.000000,en
so_prego2,5,916,56,2014-06-15 07:10:44.000000,en
RazvanDincaRec,8,1364,65,2013-05-12 15:00:33.000000,ro
wildesashley,2,1541,48,2010-08-21 03:17:41.000000,en
victorisaia,1,295,23,2010-02-15 10:52:20.000000,en
betterchange,6,767,42,2008-10-29 20:53:19.000000,en
ewowo,1,1467,43,2011-02-03 12:50:20.000000,ja
_sweet_C,7,403,37,2009-04-18 09:23:12.000000,en
sskhosana2,0,273,33,2011-10-25 07:13:46.000000,en
ljsfidelity,9,577,28,2011-10-01 15:09:41.000000,en
chelley653,2,227,9,2011-09-14 18:37:12.000000,fr
rhianynathalia,0,323,28,2011-12-19 02:54:49.000000,pt
dakotaashtonpet,1,1092,62,2013-05-04 03:20:51.000000,en
maura_berbicara,0,334,24,2012-01-25 01:13:09.000000,en
Yakudooo,2,301,12,2014-07-10 15:47:38.000000,pl
HPipjcoleman,5,485,41,2012-10-21 21:23:43.000000,en
samohoss1,2,758,40,2012-07-09 12:10:26.000000,en
davidgataric,16,669,40,2011-01-10 17:23:34.000000,en
JanKowa94,1,312,26,2014-08-31 11:34:51.000000,pl
FunDaayanna,0,266,479,2012-06-02 16:15:54.000000,fr
40403741,0,399,46,2013-02-24 06:04:40.000000,en
ikubarevaira,3,1285,91,2013-09-17 17:13:17.000000,ru
bruce12379,2,186,31,2010-10-26 22:40:30.000000,en
jearaymond60,14,1258,40,2014-09-01 13:21:56.000000,fr
paolaangeli1,3,400,37,2011-06-09 06:59:29.000000,it
healthskingdom,7,502,53,2014-10-12 03:00:15.000000,en
jeremiah_gyan,1,335,35,2014-12-25 18:36:07.000000,en
osman484,65,814,41,2011-07-28 14:18:57.000000,en
ninjacheesecube,0,170,35,2009-11-28 04:10:39.000000,en
tonkhla2011,8,2226,67,2012-03-16 05:22:30.000000,th
feenstaubtraum,2,169,22,2010-10-07 13:05:50.000000,de
enlighTAYment,0,306,17,2009-04-12 17:38:10.000000,en
aminzohaib,2,302,37,2011-02-05 15:15:52.000000,en
qualle0724,1,398,25,2012-01-05 23:14:15.000000,de
nfz0482,5,257,47,2013-07-09 23:33:45.000000,en
1wee23,0,351,34,2011-11-06 09:47:33.000000,en
tkempt69,0,330,18,2010-08-07 12:36:58.000000,en
RooijWim,12,985,51,2012-03-09 12:13:15.000000,nl
DonatasAntulis,15,2164,73,2015-02-03 18:04:25.000000,en-gb
MarilynRau,3,339,41,2013-10-04 16:52:18.000000,en
fidelis001,2,1580,61,2011-07-25 21:13:53.000000,en
boussambas,47,399,96,2011-07-05 05:48:01.000000,en
mod_191,5,1098,46,2011-11-18 21:42:58.000000,en
BHAWANI721,0,344,18,2013-07-19 04:00:07.000000,en
Raj87Tweets,8,662,42,2013-09-25 02:17:05.000000,en
engybel,0,172,30,2011-05-01 23:28:04.000000,es
DarklunaR10,2,421,43,2013-07-24 15:04:23.000000,tr
jtgary_11,4,379,42,2014-06-30 18:45:29.000000,en
myillu,34,417,51,2009-05-20 05:10:07.000000,en
sansro,2,418,36,2009-08-22 00:40:13.000000,en
19902533,1,739,36,2011-09-24 09:16:39.000000,en
saulzuniga23,6,273,28,2011-09-11 19:11:37.000000,en
sugiarto86,1,397,48,2011-04-01 08:36:52.000000,en
thomasmu1,1,219,31,2011-07-19 00:57:42.000000,en
lassaadnahdi,40,2524,49,2009-12-24 14:01:25.000000,en
Elfes_NFO,1,1377,522,2014-01-26 13:39:04.000000,fr
vania_giuzeleva,3,411,54,2011-01-15 13:33:07.000000,en
rafarjbangu,16,512,81,2011-02-06 20:53:57.000000,en
jungkimkem1,0,204,16,2012-04-06 13:00:18.000000,en
GabylTORRES,1,210,15,2013-05-11 02:51:30.000000,es
Nathanielraypac,2,216,25,2012-01-02 23:37:02.000000,en
Tritonts,1,326,37,2013-12-29 15:37:16.000000,ru
Bullhead07,0,179,10,2012-09-15 17:12:37.000000,en
monster1364,7,393,49,2011-02-23 14:50:18.000000,en
janamark1997,0,273,37,2013-06-28 14:16:17.000000,en
lilcuzwsc,0,292,38,2011-12-29 05:16:46.000000,en
Mcc_truck,0,307,55,2014-07-22 05:13:39.000000,th
PrimeChihChunWu,0,403,40,2012-05-21 03:49:39.000000,zh-tw
COULLAUDMATHIEU,0,256,32,2012-08-13 21:50:03.000000,fr
iqbaltd1,8,370,74,2016-01-07 00:03:37.000000,en
soRaspy517,1,149,44,2012-06-16 19:43:07.000000,en
jpmartinezloco,1,178,23,2010-12-30 14:48:59.000000,en
ritu527,2,388,38,2011-11-19 11:28:44.000000,en
evaladuracamama,3,1347,48,2010-12-17 14:20:52.000000,es
taylorbieber156,0,300,48,2011-02-25 00:52:59.000000,en
patina13,5,318,62,2009-11-01 13:44:13.000000,en
ItsTaine,0,148,27,2014-04-17 05:03:47.000000,en
pedroc1888,0,241,22,2011-11-01 11:46:32.000000,en
romamala,3,717,35,2011-02-09 17:26:25.000000,it
moktarzizani,1,265,37,2012-02-26 16:01:09.000000,fr
sizo90,3,524,43,2010-08-16 21:01:41.000000,en
iyaniamommy18,4,1131,78,2009-12-01 23:44:36.000000,en
goo0301,3,479,27,2010-11-09 04:58:17.000000,en
BryceBarbee,4,1003,64,2013-08-21 04:01:29.000000,en
JessKay8104,76,963,66,2012-04-30 16:32:44.000000,en
Dulwich_swinger,2,357,54,2011-11-04 22:00:21.000000,en
BethBennett16,1,1210,53,2009-06-07 13:51:40.000000,en
luckmite98xX,0,368,15,2013-02-22 17:21:03.000000,pt
Harri88,5,247,40,2008-11-16 13:09:28.000000,en
fish_fishme,2,529,43,2013-09-17 14:40:18.000000,zh-cn
KnitDeveloper,2,82,41,2016-06-17 23:26:23.000000,en
siiiisiii,0,818,56,2009-09-14 21:20:38.000000,en
jemez1120,18,2033,69,2014-08-27 22:23:04.000000,en
WJaciara,80,1140,190,2011-06-14 04:50:27.000000,pt
tom_line,24,308,67,2009-07-22 13:26:59.000000,en
sogito12,6,434,34,2015-06-12 03:20:05.000000,en
isaacswagger99,6,1301,75,2015-04-14 23:27:03.000000,en
3usResendes,6,502,49,2013-04-16 05:37:10.000000,en
UGaabriel,29,666,109,2009-11-07 00:39:38.000000,pt
shirlz892,0,387,38,2010-11-22 13:20:34.000000,en
zblaze4,8,445,53,2009-08-19 16:21:23.000000,en
Mrwrongcameron,2,372,57,2013-08-23 07:40:00.000000,en
alanheyes,2,1307,69,2011-05-21 21:17:28.000000,en
LegacyLFC,0,217,46,2011-01-10 18:30:43.000000,en
rihno76,6,547,150,2013-02-07 11:39:38.000000,en
meganmullen4,2,1830,88,2012-04-19 00:22:45.000000,en
esojalfre,0,318,49,2010-09-20 22:25:54.000000,es
MySwaggSoFresh1,0,314,55,2011-07-07 01:56:32.000000,en
DazedDelinquent,4,300,43,2011-07-06 03:05:16.000000,en
sandrahsmith68,1,264,24,2012-02-14 16:52:02.000000,en
vdvys_1985,1,282,50,2011-05-31 08:15:14.000000,en
durskins,42,818,1099,2013-11-19 07:13:57.000000,en
Themostsuperb,8,2499,98,2009-09-20 17:02:12.000000,en
kurthltn,10,826,53,2012-11-20 20:38:37.000000,en
chayanne21,1,907,65,2009-11-04 08:55:31.000000,en
stefanyramire12,7,1828,82,2011-08-16 18:36:55.000000,es
dariosecondo,3,369,52,2011-09-10 18:45:51.000000,en
FaiqAtalah,11,1785,51,2012-06-28 10:15:10.000000,id
AUmoore07,0,209,41,2011-12-19 01:15:16.000000,en
pedja1309,1,900,89,2011-02-25 15:52:15.000000,en
rousomike,1,947,60,2011-02-06 17:34:33.000000,en
koujjia,1,356,56,2011-02-07 11:57:38.000000,fr
ZacekKassar,0,330,44,2011-02-09 23:18:57.000000,es
aliciabei,4,231,35,2010-07-02 07:04:37.000000,ja
ShamashAshley,6,1230,52,2012-09-09 11:16:10.000000,en
ConcreteCanon,0,228,31,2011-02-24 04:38:37.000000,en
srbsmariammal,0,340,54,2012-05-03 07:06:13.000000,en
TeungTeung,2,238,29,2011-01-11 05:00:38.000000,en
GManiacArhiez,1,390,7,2011-09-03 10:31:16.000000,id
Mateo063,1,295,60,2008-10-23 07:01:49.000000,en
lelesqui,2,223,57,2009-07-26 23:38:57.000000,en
kike_hongo,8,2151,75,2010-06-08 16:35:42.000000,es
sethmichael1,65,402,63,2009-07-16 05:23:01.000000,en
dajthom,3,363,635,2010-06-13 15:37:09.000000,en
AmparoMirabet,3,1398,110,2010-07-23 18:35:01.000000,es
Elliewiley5,0,398,35,2012-01-03 15:15:01.000000,en
All_Sextoys_UK,3750,504,64,2009-05-08 06:53:58.000000,en
Hunabku1981,1,1379,91,2009-09-10 21:52:57.000000,en
Shafiqgani26,1,328,5,2013-09-01 05:24:26.000000,en
vilmaalfaro,3,171,12,2010-10-07 09:22:57.000000,en
Anthony56223991,0,339,4,2012-09-03 18:03:10.000000,en
MurfJaney,1,468,5,2014-10-11 21:54:08.000000,en
dianavanderpol,1,360,3,2011-10-22 06:09:51.000000,nl
soxfan4life39,1,336,21,2010-06-29 14:19:55.000000,en
SusitaUlloa,2,408,35,2014-08-19 20:38:08.000000,en
shantellovesu_1,1,635,16,2014-12-03 22:51:00.000000,en
ya21abm,0,202,15,2011-06-30 13:49:46.000000,en
klodimaz,0,222,11,2010-12-11 14:41:56.000000,en
miaolong1989,1,284,10,2014-04-07 13:07:49.000000,zh-Hans
MCLovesYou1,1,160,4,2010-03-02 03:59:13.000000,en
BobJcu1,23,230,6,2010-09-09 15:36:51.000000,en
neljean_halili,26,921,90,2010-05-01 07:57:54.000000,en
fffind,0,200,7,2011-11-06 01:58:03.000000,en
toonkenis1,0,149,5,2015-04-02 19:55:12.000000,en
WawaahMinnaj,1,344,119,2012-05-30 09:56:19.000000,fr
Ricardoo1995,2,293,5,2012-03-23 12:30:36.000000,pt
AnthonyCostanz6,6,512,16,2014-11-26 17:42:26.000000,en
nguado172,1,258,11,2010-09-18 04:32:35.000000,en
JayantPrabhune,0,296,9,2012-01-08 13:28:24.000000,en
bonbonsito34,5,1243,29,2011-06-07 16:06:17.000000,en
zmaarouf2,0,357,34,2010-10-25 15:05:52.000000,en
k_xocman,2,1013,66,2015-05-16 22:53:32.000000,ru
maryL67,0,343,13,2011-11-27 16:11:53.000000,fr
MelbeaukodyMel,0,267,13,2015-05-25 12:09:02.000000,en
VanessaMartinsx,1,422,14,2010-11-17 20:06:41.000000,en
rglaciers,1,329,10,2011-05-09 17:44:31.000000,en
bably95,0,288,3,2012-09-20 18:43:24.000000,en
TelevisedK,0,175,66,2013-09-14 17:25:15.000000,en
falcaocquiser,4,540,14,2010-10-15 04:01:39.000000,en
corywilson19,62,1458,35,2011-05-05 17:58:31.000000,en
Jubjibjub,9,1989,69,2012-04-19 18:29:35.000000,th
lezamathus,0,281,13,2013-12-12 05:45:28.000000,en
gae_orfliak,0,361,6,2014-02-25 16:23:49.000000,el
cptanmorgan,0,353,15,2011-08-22 03:51:33.000000,en
yesboys,3,324,13,2009-07-08 18:48:49.000000,en
sharp_h,0,328,49,2012-07-16 15:16:19.000000,en
DalyMgh,17,560,5,2012-08-09 16:43:17.000000,fr
amalaremal,2,249,5,2010-12-19 13:56:56.000000,en
tannerwolf020,0,238,41,2011-10-13 02:11:40.000000,en
macbattey,0,177,23,2011-03-16 20:58:59.000000,en
bx2d01,0,301,10,2011-02-11 16:07:19.000000,en
noclucksgiven,0,218,3,2014-01-29 08:33:26.000000,en
arthurgallialve,3,377,10,2014-03-14 22:11:50.000000,pt
genereyes2012,0,304,5,2013-04-22 08:47:25.000000,en
ogkush,22,946,26,2011-01-18 02:54:57.000000,en
domminick_,7,1474,20,2013-06-08 23:03:25.000000,en
Runge22,9,385,31,2009-06-17 05:24:14.000000,en
luisluisbinho,0,1168,41,2012-06-22 18:17:27.000000,pt
emre0090,0,178,4,2011-04-11 16:46:33.000000,en
1myka,1,419,28,2012-01-27 06:31:56.000000,en
LidiaSlm,1,353,15,2011-05-29 01:19:14.000000,es
HannnBannna,6,993,30,2009-11-20 09:21:17.000000,en
black_face_hate,0,194,10,2011-07-07 07:56:50.000000,en
ariianne88,2,285,19,2010-11-26 23:34:53.000000,fr
FrancisQii,0,180,47,2011-08-03 16:23:53.000000,en
Vonna__88,8,300,6,2011-06-05 19:47:22.000000,en
tae_warren,79,571,22,2015-07-26 15:41:26.000000,en
RheMAAN,4,1261,63,2011-08-09 23:32:29.000000,en
PeterStampfli,2,324,11,2012-03-06 15:24:13.000000,de
kgjistheboom,5,486,38,2010-09-12 21:58:39.000000,en
JoeTindell,0,311,10,2012-01-03 12:56:28.000000,en
kgbnelson,1,266,3,2011-09-05 12:14:09.000000,es
d_nelles,4,190,52,2008-04-10 08:59:30.000000,en
devinRE_15,8,656,7,2013-10-24 18:44:34.000000,en
xbmsx7,4,770,30,2011-02-04 21:38:50.000000,en
RhmnRhm,10,354,69,2011-12-02 21:13:11.000000,en
famacct,0,229,8,2011-02-09 20:13:57.000000,en
lemonade_25,1,194,10,2011-07-16 16:03:21.000000,en
DynamicAgarYT,81,1247,53,2014-11-05 00:02:24.000000,en
LewisBennett08,62,633,101,2009-06-16 17:32:30.000000,en
Rico5170,1,211,19,2011-09-26 08:38:52.000000,en
Slimshaney29,0,265,13,2012-06-25 05:47:27.000000,en
Nipoo1020,1,318,12,2012-04-29 10:26:29.000000,en
SarfrazZafar,5,1192,24,2012-03-07 01:37:49.000000,en
ntnmantk,1,1290,184,2015-09-20 12:25:25.000000,ja
775424751,0,246,7,2012-05-30 19:19:49.000000,en
doollllll,319,637,29956,2009-06-27 14:32:21.000000,en
SScrivner,1,349,14,2011-12-26 23:39:23.000000,en
scrawfordjr,0,194,5,2012-01-12 00:15:52.000000,en
Arifmehmood786,8,1509,32,2013-04-22 14:17:55.000000,en
daydreamout,1,282,7,2011-07-31 03:24:40.000000,en
francisakol,2,480,17,2011-11-06 23:44:51.000000,en
j180470,8,1684,59,2015-03-20 19:36:36.000000,es
Creaturelychaos,5,1603,21,2014-05-10 03:31:47.000000,en
J85bader,4,1339,46,2011-11-26 09:10:01.000000,en
oathipat,4,1287,64,2012-12-28 15:29:27.000000,en
mooresyboi,11,386,31,2012-01-18 11:03:29.000000,en
DavidSantiago41,0,299,13,2011-05-29 22:55:23.000000,es
moneymind31208,0,216,6,2011-02-26 19:15:41.000000,en
Dexterities,0,208,19,2010-11-05 00:43:50.000000,en
butfiller,8,744,36,2011-01-15 20:35:13.000000,ru
fredgomess,2,228,9,2009-10-30 02:21:55.000000,en
shay0208,0,307,11,2011-06-08 18:17:02.000000,en
mattearley33,31,1752,70,2012-11-08 01:23:45.000000,en
thatfunnyshitt,7,432,37,2013-03-25 11:24:20.000000,en
stephhyourcoool,1,1117,28,2013-02-23 20:05:12.000000,en
josephdelrosaio,0,213,4,2013-05-04 00:09:00.000000,en
DaMiner247,9,1148,47,2014-10-11 03:15:41.000000,en
agibert40,4,831,22,2012-06-24 18:32:05.000000,fr
BokeBroeders,0,302,13,2010-01-12 07:34:56.000000,en
bmb721,0,201,7,2011-01-31 22:35:14.000000,en
louisprins1,1,400,21,2011-10-27 19:38:36.000000,en
CXT923,4,613,24,2013-05-22 05:53:02.000000,en
aycanbas1122,1,330,19,2015-01-30 01:13:05.000000,tr
junior1929,8,190,16,2010-06-20 01:53:54.000000,es
HannahRoberts55,2,334,12,2012-01-05 19:29:27.000000,en
paiger332,0,159,8,2011-12-06 01:56:10.000000,en
briannalepe2,12,684,13,2012-10-03 02:12:08.000000,en
russwuobol,0,362,8,2011-05-05 11:44:22.000000,en
aaltjesiahaya,2,247,44,2011-10-04 08:37:31.000000,nl
jesse_venter,0,264,14,2016-04-14 13:39:13.000000,en
JeremiahFuller,2,381,51,2011-09-07 02:19:40.000000,en
tiffanydelaney,1,918,23,2011-07-15 05:16:04.000000,en
rebdays,4,301,5,2009-08-26 00:49:25.000000,en
sharshar1981,4,380,13,2009-10-14 09:13:27.000000,en
SerjoschaW,0,197,41,2014-03-05 01:19:48.000000,de
JenniiferJ,4,487,21,2010-05-03 00:16:55.000000,en
pijung2,1,454,9,2012-03-02 03:42:33.000000,en
jackobvelazquez,0,239,17,2011-06-18 02:28:43.000000,en
MizzAmBeR97,0,217,9,2009-09-14 05:22:23.000000,en
baltagas,0,1096,72,2011-01-09 16:10:34.000000,fr
JGV89,7,1447,38,2010-04-06 03:50:28.000000,en
fsvital,0,225,33,2011-03-30 11:55:34.000000,en
mmobrien,11,256,24,2010-07-07 17:54:04.000000,en
ZackEfron123,68,199,9,2009-06-05 23:02:11.000000,en
EvanPeecol,0,383,7,2013-10-09 15:41:28.000000,zh-Hans
Lunar_Clown,4,230,10,2010-04-02 11:23:40.000000,en
Ullalund,7,2162,57,2009-11-28 20:03:28.000000,en
shyson01,4,172,7,2009-03-27 23:14:58.000000,en
theflames1,0,310,19,2010-05-27 04:14:51.000000,en
DuyBinh2511,1,398,40,2015-01-06 05:20:40.000000,vi
zangado0,4,267,3,2013-02-24 14:35:48.000000,pt
joshfikrist,10,435,14,2010-01-14 17:37:23.000000,en
medo028,48,354,900,2011-04-04 03:28:11.000000,en
lilg989davee,0,417,28,2010-07-22 01:17:34.000000,en
MarcinPi83,1,337,10,2013-05-01 14:08:09.000000,pl
ElizeteMsv,8,1813,67,2013-02-24 23:16:49.000000,pt
LKenderesi,0,278,14,2013-02-27 13:29:19.000000,en
11Cristian673,4,332,53,2012-10-19 23:17:00.000000,es
tonybohnet,4,826,36,2013-02-06 12:16:45.000000,en
maritrp2,3,1242,57,2013-01-23 11:44:59.000000,ru
RaineyChen,2,435,5,2009-06-23 04:41:21.000000,en
pepopeponpepa,4,305,6,2011-11-21 08:03:48.000000,es
dreamLRG,0,338,5,2011-05-10 00:24:11.000000,en
jackelinelili,3,1045,38,2012-06-28 01:49:39.000000,es
mohdizzulislam2,0,397,5,2011-04-30 01:20:19.000000,en
valio_jechev,6,562,47,2010-12-27 15:56:34.000000,en
kethy03,0,372,17,2009-03-26 11:41:51.000000,en
berriosxxx,7,206,8,2011-04-15 14:30:08.000000,es
RRrepasa,2,172,18,2011-05-13 22:16:02.000000,es
cepitest,1,1247,67,2013-08-27 08:28:56.000000,en
margaridasanti2,1,1467,27,2013-05-02 22:54:37.000000,pt
ad_pierre,3,932,23,2012-01-01 08:02:11.000000,en
King_Of_Swagg1,0,239,15,2011-04-30 00:52:38.000000,en
Fucknovoline,1,1029,64,2010-10-27 02:04:06.000000,de
mryamyamz,0,375,11,2014-10-22 00:01:46.000000,en
djlealmt,16,334,20,2011-01-10 12:09:21.000000,en
Biancamp97,0,975,18,2010-12-31 08:26:32.000000,en
Magorza52444986,1,344,24,2012-05-03 06:54:09.000000,pl
kyosen2004,4,1159,38,2014-06-04 04:38:10.000000,ja
oliverscuevas,2,336,17,2011-04-30 12:07:40.000000,en
marcgriffith,0,170,6,2008-03-11 13:46:09.000000,en
Phsicoperson,2,184,12,2011-02-12 14:39:40.000000,en
evilseth420,1,454,13,2008-11-08 21:08:28.000000,en
Hash993,2,570,8,2013-07-24 06:31:29.000000,en
jennifertandan1,5,1196,28,2012-03-20 03:47:39.000000,en
vickie_ramos,7,454,26,2012-02-09 23:13:04.000000,en
Loubyrd10,1,1188,39,2016-05-15 05:43:19.000000,en
Matrix11o11,2,361,9,2010-12-24 02:28:57.000000,en
itsmekaren1965,1,1184,36,2010-05-07 16:48:49.000000,en
